Attraction,Noel,Harsh,Vikranth,Muthuraj,Armaan
Tirumala Venkateswara Temple,2.100597533769013,2.827850553513794,1.0631008862169586,3.274354313640021,1.6860647041912653
Araku Valley,2.123381661347849,2.907562077583773,1.0564398164724453,3.3796158015467688,1.8667231949130965
Borra Caves,2.257241279112812,2.8312222014418613,1.1627128584838824,3.369077577148314,1.5759870061154644
Ramakrishna Beach,2.416327106698704,4.3,2.5341894638417886,4.019030736007221,2.3128234628133972
Srisailam,2.2759029379240023,3.8292863807787048,1.6904839891716263,4.5,2.7396904191519242
Kanaka Durga Temple,1.9733893880656808,3.0201116870945732,1.2107899024124344,3.378988738402976,1.6207021416000957
Undavalli Caves,2.592759641560402,4.4,2.5384784811932724,4.279219706004296,2.2838361857335903
Lepakshi,3.084153644539539,5.45646941934848,4.5,4.928749562559695,4.5
Ahobilam Temple,4.6,2.7703197168896025,1.3058395228130275,3.7814829971309325,2.8807339713317015
Kailasagiri,4.3,3.0391564688483075,1.1567213443204458,3.8996926191835577,2.8818967493378755
Gandikota,2.678786264274547,3.6307666584558347,1.8111942447886777,4.5,2.4474951541681045
Thotlakonda Buddhist Complex,2.2781296037104823,4.4,2.749580252430315,4.26768576760031,2.6197667903233066
Kolleru Lake,2.57255389534606,4.478971361449892,4.2,3.959122508947181,2.1694845381811665
Manginapudi Beach,2.3347642888214493,4.4999457530209455,4.1,3.911457188097906,1.9779223523434852
Sri Venkateswara National Park,4.3,4.3,1.8369667735334718,4.4581055367004385,3.4585069082270574
Pavurallakonda,2.0408983205337545,2.940354229399937,1.1509946223502177,3.397506690092467,1.7828578340529704
Yaganti Temple,2.368418235353552,2.8129570182193206,0.8621546959447441,3.5006655922830783,1.9072774185794898
Maredumilli,2.106905557872914,2.8955515606696123,1.072788365867111,3.3565008698482606,1.6365486767804769
Rajahmundry Godavari Bridge,3.8874574540552476,2.900976162638705,0.32131579976543123,4.2028397862835005,4.4
Draksharamam Temple,3.5502851756450897,5.528928292449692,4.5,5.089756132356717,4.5
Suryalanka Beach,2.226916219301294,2.7971761488669853,1.229142907017091,3.415547907358778,1.445608159587048
Sankaram,2.9225601240946952,2.927947745287959,0.6095121111996084,4.2,2.6028280110519706
Simhachalam Temple,2.597183494601054,4.958280954454338,4.5,4.5,2.943276822321029
VUDA Park,2.284122385628249,2.898154593543931,1.078050294319807,3.4649653777790514,1.8161370159678443
Dwaraka Tirumala,4.4,4.4,4.4,4.385753467318691,2.772060101583892
Sriharikota,2.243440458325625,2.9222380637547434,1.1315203051951532,3.4317882844601533,1.6434554056541846
Bavikonda,2.302431231510019,3.040618913086454,1.308620888919065,3.494458852307054,1.7612637783288203
Belum Caves,2.5589767549390614,3.7223242853636003,1.8987283112741595,4.5,2.5273287968057647
Annavaram Temple,2.185249368248497,2.798652085652733,1.1074097139785197,3.312873017746179,1.6247296537912548
Nagarjunakonda,2.19260156499138,3.1324723357645414,1.2422585650757152,3.5381276090943006,1.8535352101075746
Mysore Palace,1.9924022116043478,2.968906137254942,1.2220430867551064,3.317360224662883,1.625982802667982
Bangalore Palace,3.7295383358958016,3.3225727023191323,0.9468455287292297,4.534168785838639,4.4
Hampi,2.0118867434106966,2.9228937609499166,1.1306799856951644,3.3818666157441952,1.664075019852098
Coorg,2.3413700083595903,4.6,2.909489072310916,4.363555027713986,2.654898510029003
Lalbagh Botanical Garden,2.6111409780662624,5.697439440355069,4.5,4.948691564219308,4.5
Bannerghatta National Park,1.9997304853428095,2.8048449873559793,0.9498036713067453,3.2374455960743727,1.5209784487421845
Chikmagalur,2.017059605329825,2.9170812910429706,1.2695473394916394,3.2329095855122616,1.6359304578634166
Badami Caves,2.1532661692575203,3.019822638127807,1.2533623448650038,3.37971758101262,1.781240825783809
Nandi Hills,3.729303283450994,3.5019990399752756,0.9085069566829252,4.599183647944652,4.4
Jog Falls,3.4232891789550006,4.008671865419059,1.5900929775639847,4.684996701500776,4.5
Gokarna,2.681976875700466,2.9555085201771325,1.090832837702278,3.4566856582618204,2.385543477236675
Shravanabelagola,2.7139439995702612,3.247121890061737,0.9293850817552337,4.5,2.7005794314006946
Gol Gumbaz,3.796352983009613,2.922443514380104,0.4791678725267162,4.347801157001996,4.4
Murudeshwar,2.0358690095557104,2.9780290756556362,1.21753334968421,3.3667928752031426,1.6971903484869943
Kabini Wildlife Sanctuary,3.8802187234431598,3.299986071613621,0.9668124462819909,4.4539348479982745,4.6
Bhadra Wildlife Sanctuary,4.4,4.4,2.610701516828911,4.709506614447307,3.637471522640281
Dandeli,3.594130401353241,3.6256087131719994,1.4019445042102268,4.5109737697011,4.5
Kudremukh,2.010264888090584,2.752601838530743,0.45083963964242113,3.187669563807303,1.735896670385481
Kemmangundi,2.004383996568946,3.1009824652945457,1.4082355859039541,3.3292940975727,1.571048779748941
Agumbe,3.589092524155175,4.146091710899872,2.1267354601151944,4.9060505328243345,4.3
Chitradurga Fort,2.391778703136128,2.8781824921206978,0.9659863739936221,3.3992688674323537,1.905169877557368
Anshi National Park,2.7899072233992293,4.932561782797615,4.4,4.4,2.5211827658122044
Ramanagara,4.3,3.1228220017422834,1.3200653753095268,4.021124499983104,3.2667562176184655
Savandurga,4.4,3.089948516758108,1.1599784899345156,4.1154150043109325,3.1585306536311983
Horanadu,2.1247202631880473,3.006532246281433,1.184789717093358,3.426350490032622,1.8445563502213875
Udupi Sri Krishna Matha,2.5756486022089677,4.5,2.2453765376953547,4.5,2.668525021271094
Kukke Subramanya Temple,2.818873897599879,4.779396258988346,4.5,4.191014120647176,2.4729104840136347
Somnathpur Temple,2.2400507482653023,4.4,2.782724256896463,3.9682962382393536,2.1297937171039782
Bandipur National Park,4.3,2.990176425228362,1.5919923841651553,3.662369547490952,2.276688660830193
Gavi Gangadhareshwara Temple,2.2458751439584215,2.8643336767692347,1.1425974873291282,3.4193592135511497,1.8707878774469642
Munnar,2.9983758021557088,3.5219363547602667,1.4847981637076377,4.6,3.0999208550618564
Alleppey Backwaters,2.199315526247491,2.979607300486152,1.0412614381309901,3.600126960932939,1.959670471003837
Kumarakom,4.5,4.5,2.702255774780508,4.5,3.2705961253560174
Thekkady,2.1006130408633386,4.5,2.5644531279510794,3.9980607967192623,2.1587250239893
Wayanad,2.4736859432039773,3.2293605384440114,1.151399172151203,4.5,2.5855626942692567
Kochi Fort,2.0442351959136214,2.962122365080069,1.1723037597368913,3.3544946980329073,1.718286320164442
Varkala Beach,2.2044704038546925,3.1428511355288755,1.4883001190780345,3.391371909147963,1.8106126028250922
Bekal Fort,2.4366452624246397,4.886214663753526,4.5,4.5,2.0746608741072263
Athirapally Waterfalls,2.6306393872471014,3.744981637706182,2.055796953046816,4.5,2.404023890815537
Sree Padmanabhaswamy Temple,1.612283116095926,4.976030850320409,4.7,4.102435597025952,1.662579355084647
Poovar Island,2.175920542501825,4.4,2.257336500825743,4.4,2.3449331494351457
Kovalam Beach,4.5,3.262713935973054,1.0204899318111593,4.5,3.479688692727736
Periyar Wildlife Sanctuary,1.9560036197393054,2.9229156614598457,0.986657899286391,3.335130772374636,1.6908934872537529
Vagamon,3.610047447285339,3.3671619743473817,0.8949197350808253,4.5126462248020625,4.5
Ponmudi,1.799335873357172,2.72708168416969,0.7601349553115451,3.178520286856343,1.5059361564938403
Silent Valley National Park,1.674509562058294,2.4918202471739574,0.42206205032566546,3.022714853932675,1.1193756226948461
Thrissur Pooram,4.6,3.3184699287318025,1.1246405546051617,4.6,3.0952340764640245
Guruvayur Temple,4.7,2.8653449725092015,0.9821874038554643,4.016636310412318,3.2255749341576276
Munroe Island,2.107166082816916,3.1830025742936217,1.5275185378772371,3.377599781716663,1.6677933358147905
Ashtamudi Lake,2.5663232940379004,2.920200655611905,1.2342846875559377,3.4093788645859413,1.8856529689561694
Nelliampathy,2.3274141894753235,4.5,2.7208217950726157,3.9740205729569573,2.1761256606149892
Malampuzha Dam,2.3549709875879845,4.666763048441332,4.3,4.004262230130755,1.9957552896971542
Thiruvananthapuram Zoo,2.3530451525719362,3.815841834247015,2.173428775335313,4.2,2.448982262704102
Cherai Beach,2.23900672841412,3.02247861633104,1.0950435891182762,3.5373640333883007,1.8332633350849752
Edakkal Caves,4.3,3.2524589519467457,1.0762373123999311,4.3,3.1915448852992574
Marari Beach,2.0122396164938445,2.8778416416112957,0.9635983306759988,3.3711422376409312,1.7905005199954467
Anamudi Peak,2.094293168524551,3.0096039252878617,1.2927230325554742,3.4024620440115743,1.683250480042897
Veli Tourist Village,3.8364731280729076,3.4351275956101697,1.101038298133557,4.587587845188856,4.3
Kottayam,2.0450044162544367,2.9945817307142817,1.4944022658089258,3.283348266465124,1.6136083511145523
Kuttanad,4.5,4.446055886384906,4.5,4.72732853694645,4.5
Madurai Meenakshi Amman Temple,2.313793676932018,2.7634166858003892,0.8564654927874645,3.3691612024455635,1.8181466314103985
Kapaleeshwarar Temple,3.7945369008826297,5.27931276400309,4.5,5.218547966218069,4.5
Marina Beach,2.012373341041162,4.0,4.0,3.676587697674843,1.1686794355544778
Brihadeeswara Temple,2.196137857394163,2.904718503832789,1.1858867411351617,3.355342163393194,1.8348764346807023
Besant Nagar Beach,1.9707566927892437,2.833673669983994,0.9638186444151622,3.214021441743793,1.4635320393801163
Arulmigu Ramanatha Swamy Temple,2.1323920482785192,2.80580818296492,1.012764444054051,3.3762260637844896,1.7019283448230746
Snow Kingdom,2.6948620873659426,5.0,3.383463804945685,4.402318922213522,2.831613222923024
Monuments at Mahabalipuram,4.1925320113525935,3.5794477761748142,1.195647702137045,4.724472942852321,4.5
Vivekananda Rock Memorial,2.0013870088907804,3.0284897673735505,1.281597473734714,3.3414680111006256,1.5370383657365077
Chettinad,1.7934263337250078,3.0363324045832907,1.3260088474929006,3.570355694457394,1.5459982452735894
Kumbakonam,2.0643822739649327,3.0156336666282972,1.209468241638125,3.3724835466591756,1.7289878154100542
Trichy (Tiruchirappalli),2.6253497778401886,3.3052096186087057,1.3834607795813574,4.1,2.372089840711619
Chidambaram,3.782726435799835,3.305527388479235,1.1535322365592349,4.496825875298449,4.6
Nagapattinam,2.112121093492275,2.885552729316136,1.0951112309309528,3.3516747947374785,1.6722308826695065
Vedanthangal Bird Sanctuary,2.355315116555044,4.440109258943077,3.8,3.84654946326605,2.001539059222116
Tharangambadi (Tranquebar),1.89669111101896,2.913281629745972,1.0900562740952773,3.2962214576417432,1.5674671359975068
Courtallam (Kutralam),2.9286360223139893,3.5150465093133096,1.481175535739242,4.2,4.2
Bellikkal,4.5,2.73472606601305,0.9221502502375738,4.101183569747917,3.067953406776364
Vellore Fort,1.590553556497535,3.5,3.5,3.2510908919171233,1.0483687935380375
Yercaud,2.0751310720234817,2.964527714708497,1.176934898665158,3.3645719920626305,1.6846705364364791
Kodaikanal Lake,2.289686027406729,4.4,2.913710537374919,4.279578726313189,2.3432417224300126
Hogenakkal Falls,4.3,3.757843476807498,1.2739155272050766,4.6628977091920305,4.3
Ooty Lake,2.0741284360886056,2.9300470882088208,1.3233535626684296,3.3419164398383794,1.82129199489761
Mysore Palace,4.6,4.6,2.3517733451202347,4.8311942708415305,3.658252714076584
Nilgiri Mountain Railway,3.543372277407276,5.533607019501216,4.5,5.155293281368179,4.5
Annamalaiyar Temple,2.164131382595701,3.0379059509871307,1.162791162588784,3.4860597308130097,1.8684651779863102
"Ranganathaswamy Temple, Srirangam",2.577685044468475,4.708304049290398,4.5,4.235095728332917,2.602374203797167
Pichavaram Mangrove Forest,2.0661984295238414,4.2,2.42981921423749,4.2,2.322639336149161
Pulicat Lake,2.0130370568259837,3.0732204546775956,1.537806825312781,3.641168928476652,1.5778327521035214
Gangaikonda Cholapuram,2.0641266280649577,2.881648295765722,1.1232410753301776,3.322391342613952,1.721499753242768
Golconda Fort,2.3787401789018428,4.5,2.862805202037449,3.9292401557603887,2.155657961371626
Charminar,1.9879369980880615,2.9631245980814507,1.1791397756348023,3.344736684361224,1.622592531148808
Ramoji Film City,2.4166198929586202,3.44450676455802,1.482692987480722,4.3,2.418847946794082
Birla Mandir,2.062269133634106,3.107134517644302,1.355231280210747,3.4766603349745817,1.720779688858918
Salar Jung Museum,1.7618640778735044,4.849467301775046,4.4,3.956142645024934,1.4700126913175324
Nehru Zoological Park,2.686115483694598,4.2,2.158394786475154,3.912053068007353,2.258481918470251
Chowmahalla Palace,4.3,2.928594682747659,1.1249720066224047,3.9350437656796022,2.981506395685808
Hussain Sagar Lake,1.972173954929551,2.8776559517102265,1.2209834277682936,3.230783720773406,1.5614886545536457
Qutub Shahi Tombs,2.0171815212672457,3.0056763816380374,1.2836632855688042,3.407603276139646,1.7614201498004403
Lumbini Park,2.496415763101147,3.451939469903319,1.5174942271826755,4.2,2.4760841374857465
Snow World,4.1,4.1,2.3743682769012286,4.1,3.2138068739893217
KBR National Park,3.4157138731908137,3.6302711448028577,1.6343533923457454,4.508352817802514,4.3
Purani Haveli,2.549322838635084,3.362464264195182,1.6620904571119102,3.7421996378572797,2.3285951360051667
Taramati Baradari,1.467142683195165,4.591815444472633,4.0,3.8621013408637968,1.3076511319441262
Shilparamam,3.6200487095209692,3.4425720197199854,1.0617637662275201,4.517718296355154,4.2
Mecca Masjid,2.6540185490606247,3.6109054834787533,1.8097018980598747,4.4,2.8440151054921277
Birla Planetarium,4.1,3.2019152121814827,1.7205229179316972,3.529304044940188,2.2562799503643904
Mrugavani National Park,4.0,2.9873454478268484,0.9859555014522949,4.0,2.9226225613873984
Mahavir Harina Vanasthali National Park,2.393730166289147,2.881567178054609,0.7933930186701322,3.4174702735272464,2.0206216103323236
Keesaragutta Temple,4.3,2.610842786531448,0.7243594020527507,3.7628105385596977,2.9214536521021452
Ananthagiri Hills,1.7875616391408862,2.941515437164444,0.879547304480484,3.4427573435923216,1.750806085359414
Pocharam Wildlife Sanctuary,3.1368453493369426,4.0,4.0,4.404952859103829,4.0
Medak Fort,4.1,3.1362797527552235,1.3195008859590924,3.831647652641499,2.6157650176375564
Bhongir Fort,4.2,2.8372638209133014,0.5655007765846236,3.9507982484496567,3.0470816327378882
Warangal Fort,3.411215514667874,3.997010307110646,1.96497165266621,4.585361137104366,4.3
Pakhal Lake,2.0304308987399136,3.0715599063125363,1.27633299949433,3.4153968782846684,1.742473594616929
Khammam Fort,2.0309866573759607,3.063689306717905,1.4146112349525044,3.382254048139492,1.7703850353057817
Alampur,3.0238748006103022,3.410468619559313,1.3417473562866165,4.134214373548361,4.2
Bhadrachalam,2.0981142433516675,3.0624339772844467,1.3987801434035365,3.2001001024826796,1.3207619652624074
Basara,2.2119376758410296,2.908877277689504,1.1238696250468083,3.4368796433146223,1.8135182971809731
Kingdom of Dreams,2.111802698845315,3.003453977551309,1.2778121350978702,3.4092927561345263,1.7104683171223523
Sultanpur National Park,3.0258121991324787,4.4,1.9981288495586016,4.813232946890897,4.4
Kurukshetra,4.5,3.10344443082026,1.2073089182023045,3.963080916891279,3.1592281005244836
Pinjore Gardens,2.191982042221351,4.573507049503297,4.4,3.6849114294748553,1.8113565346901135
Morni Hills,1.669733837258223,4.691503119811757,4.3,3.7846463659631033,1.6419846262274507
Firoz Shah Palace Complex,3.4998015907540285,3.1558298289117146,0.6947082831976296,4.381034530391499,4.2
Badkhal Lake,2.595257340025848,4.3,2.642660244634255,4.066998312561508,2.4625786961193077
Surajkund,3.1226516877593165,4.293618708318528,1.9977988873694958,4.677315147394199,4.4
Brahma Sarovar,3.500684223958971,4.5,2.2968618875723217,4.985634710112155,4.5
Cactus Garden,2.7117814311335615,3.6461090933814866,1.4014266952626353,4.4,2.2723301632725876
Yadavindra Gardens,2.8874204759093565,4.5,2.6021918978406964,4.5,2.782191941071538
Kaithal,4.3,2.8918636668807003,1.2167356980175832,3.8463621692744976,2.9328743582576964
Panchkula,2.455225999158556,4.735623483750634,4.4,4.280834507488311,2.7128830668659405
Sohna,3.347413238276766,3.939315806052163,1.9791534801828412,4.526737910792233,4.5
Tilyar Lake,3.6902120363706024,4.4,2.1601557693129747,4.542993803559174,4.4
Blue Bird Lake,2.154374707075146,4.3,2.2454909974071695,3.9378293342357527,2.1344235537966414
Ch. Devi Lal Herbal Nature Park,2.177015646734857,2.8600718738122297,1.019032465683757,3.5257697037394773,1.6758836970108482
Kalesar National Park,1.9706381741386338,2.984833597040489,1.2393174171126389,3.309573827044652,1.5351848027203374
Karna Lake,1.906870599848389,4.3,2.5460725175464534,3.8550689951829407,2.2245108861644383
Krishna Museum,2.6603065013964144,3.3229580608903917,1.3925471184104699,4.4,2.754828068165536
Bhindawas Wildlife Sanctuary,2.347977175561312,4.3,2.679841754137645,4.3,2.455795138019184
Dhosi Hill,4.2,2.890589077314404,0.9563209391779974,3.8604448439248773,2.8648094753809135
Pataudi Palace,2.6995131337775335,4.460190091376178,4.3,3.954962444535759,2.1150407123681045
Nahar Singh Palace,3.88349403512135,4.452470397432514,1.7724694567098327,4.4,4.4
Asigarh Fort,2.1950882373310074,3.018650607142586,1.284639377397159,3.4103227370285687,1.8513455281009088
Cantonment Church Tower,2.3871176515385177,3.0627035327691545,1.2868388090450311,3.618913423230145,2.0553172576381673
Star Monument,2.114998818418196,3.008753958915575,1.244764196769234,3.4076861463117996,1.7347362886063495
Rani Ka Talab,2.1507672391020654,2.748658816618814,0.8774673136936968,3.3092266930763325,1.7970457323819637
Loharu Fort,2.231696916411968,4.3,2.1529405730027955,3.890237530684689,2.184267041672185
Feroz Shah Tughlaq Fort,4.2,2.8794793158397747,1.1988209435050539,3.661755064419532,2.1542691411135833
Dal Lake,2.122053270645757,3.2142064166174737,1.6540396369791754,3.568227985215886,1.9153056487489621
Gulmarg,2.340309553793108,2.928674351215833,0.979410294433484,3.457408900490793,1.89042422077451
Pahalgam,2.3866170708609573,2.818139612119725,0.9377121430087,3.242643398632904,1.804954208573549
Sonamarg,3.493322958049503,3.5545712033798047,1.3989649574326792,4.225428664681757,4.6
Vaishno Devi Temple,3.9687020530270134,4.028710205805754,2.0904856642109815,4.553910920616351,4.8
Hemis Monastery,1.7320596415487637,4.935425367665356,4.6,4.152103298935632,1.802141632232141
Shankaracharya Temple,1.844166559503485,4.24443315261155,4.5,3.5012395058243317,1.5787467274081903
Nubra Valley,3.3453116985057263,4.166979917117168,1.9605746990378998,4.782989981874613,4.7
Betaab Valley,2.011666131846082,3.115759680308628,1.3576248363437629,3.521475497351985,1.8049715346453437
Amarnath Cave,2.264259681915338,4.8,2.7287245734030234,4.12288265634632,2.437209071685199
Pangong Lake,2.0059264737319604,2.9012141586341396,1.1646728269344366,3.3181055680401332,1.4490855163237426
Shalimar Bagh,2.1198306902824076,2.945961305261321,1.1461263242054591,3.4027627364518125,1.7336943260554738
Nishat Bagh,4.5,4.49525765863348,4.5,4.421538783168089,3.3140608969240004
Dachigam National Park,4.6,4.6,3.1998303847384437,4.622873196647644,3.290428593319712
Indira Gandhi Memorial Tulip Garden,1.8892632622819574,4.7,4.7,3.9849630847785376,1.7294213753441265
Mughal Road,2.6894295574568576,3.4856977872734656,1.2597329480981814,4.6,2.780239408826865
Bhaderwah,4.5,4.470638090529917,4.5,4.169039462370749,2.9320745563794413
Yusmarg,2.0201499559021268,3.169660610910105,1.3678318296994953,3.4586065864529334,1.8684248782191657
Sinthan Top,2.7255561129930608,4.77476573985682,4.3,4.3,2.4104976207111353
Aharbal Waterfall,2.2928428808437653,4.6291704438478085,4.5,3.926570374787861,1.884532397930421
Patnitop,3.672278084930453,3.6353636448220588,0.5741130163432444,4.6,4.6
Manasbal Lake,2.5299154852216064,4.5,4.5,3.9325389261896384,2.190663987903584
Sheeshnag Lake,2.2738771595871836,2.980867842070489,0.9290203787718254,3.57073806393319,1.9458788841852352
Hari Parbat,1.9212789021101389,4.5,2.7312671659238097,3.950276661939163,1.995526823118899
Lamayuru Monastery,2.2060869703857926,4.6,2.921763944409473,4.09020832335277,2.1993414276440486
Surinsar Lake,4.7,4.7,2.296699835180842,4.7,3.6372923942326896
Tso Moriri Lake,2.1815978571721546,2.804462117939479,0.8997266555055643,3.5242775714543457,2.1480407706950535
Dras War Memorial,2.0579566582155846,3.038397358629611,1.230856717391715,3.4655951274639003,1.7789297534251713
Kheer Bhawani Temple,2.73890507287586,3.5172545744555737,1.6620847616811623,4.5,2.61044080767962
Sanasar Lake,3.2803267747381115,4.4,1.6907601826242362,4.8361812757662275,4.4
Golden Temple,2.276159778754007,3.007400296935148,1.2868527907769818,3.531265857237573,2.0100116617341293
Jallianwala Bagh,2.160360008926632,3.3164809819721297,1.6473656814386866,3.6320405787838714,2.019206915238229
Wagah Border,1.7341549388081292,4.799784945891849,4.6,3.8668948053480925,1.4811080430033368
Rock Garden of Chandigarh,2.0742544478630767,4.7670548881633845,4.5,4.148554296318395,1.8054860896046374
Sukhna Lake,3.3106519958208165,3.609382105297769,1.1623222980717558,4.573264460307963,4.4
Anandpur Sahib,1.891960795887754,2.9021224620992387,1.0501088377056256,3.3455621672827642,1.6362138334825818
Durgiana Temple,2.387079089299964,4.67108584513439,4.5,4.5,2.186335647090784
Harike Wetland and Bird Sanctuary,2.2536127239084216,2.915272206847173,0.9070868407103063,3.3415466461948977,1.8570319347424606
Maharaja Ranjit Singh Museum,2.194086935276718,2.9073579985193234,0.9930352037541451,3.3803237756786526,1.8065238630729041
Partition Museum,1.7657509281645698,3.2121188513994556,1.3753584701383246,3.5333979431983216,1.8654405812517034
Pushpa Gujral Science City,2.124063239600631,2.856396122131657,1.0151364532438352,3.357441406669794,1.7638917576852697
Virasat-e-Khalsa,3.7602788909980314,3.5145035445922077,1.2451766587678368,4.6,4.6
Bathinda Fort,2.2199757737804555,3.1281556229115015,1.2999506997205517,3.4488442695865236,1.8657399085940838
Sheesh Mahal,2.0159769352144004,3.214998935108921,1.2902709746859478,3.5130269604423923,1.721578612926844
Quila Mubarak,1.8595736210972003,2.8698763073249545,1.4662478052904555,3.396824929427535,1.262742748449429
Rose Garden,1.9111799543999437,3.1424335589386905,1.5708723005014982,3.2200755409857043,1.4662669204207188
Ranjit Sagar Dam,3.5382596778956037,4.5,2.7238258937025392,4.950096904179331,4.5
Ram Tirath,2.707851787744521,3.549020745610798,1.3938973451817371,4.4,2.8753370612165314
Talwandi Sabo,2.199987443554343,2.798293674417219,0.8984916468847197,3.370406357281646,1.943838322542488
Sirhind Fort,2.28927392584797,3.0984616686265465,1.2263517280607625,3.569285086138003,1.8557100042655674
Faridkot Fort,2.4900573221932425,4.936600905340315,4.4,4.4,2.2261351269417595
Fateh Burj,2.5443908344937087,4.650945679890363,4.5,4.238631747860828,2.096853188826039
Gurudwara Baba Atal Rai,2.271531024502538,3.1247749426045877,1.5576514510071056,3.451193826987121,1.7975244831249844
"Kali Temple, Patiala",4.4,2.5400253410802214,0.8139002165360659,3.5569946162260884,2.717719957168831
Gurdwara Manji Sahib,2.9393207726884594,4.5,3.1385273297080727,4.5,2.831164258990216
Devi Talab Mandir,4.6,2.992741390128239,0.7269074884337334,4.3946787686455755,3.4638037370743984
Mukteshwar Temple,2.584161944072581,4.724963080840445,4.4,4.058821936948414,2.227378190749283
"Shiv Mandir, Gurudwara Nanak Mata",1.979244681984985,2.6903939435814346,1.050649128114317,3.128753738088971,1.734079439575416
Lodhi Fort,4.4,3.302126394194813,1.5170982959462607,4.112418328486256,3.2159147751176076
Maharaja Ranjit Singh War Museum,1.7976078566461042,4.5,2.846191611400318,3.9995121761365473,2.2348296111493005
Taj Mahal,2.0532124768330404,2.984753285140751,1.1632572167927147,3.442281570073959,1.7756207327100446
Agra Fort,2.3297295064654544,4.8,3.0751842558855644,4.470355480840183,2.739544652248787
Fatehpur Sikri,2.2070983340873203,2.633695970129173,0.7683719677773478,3.3662961546840298,1.833487429347001
Varanasi Ghats,4.8,2.822550244612413,0.9045468143670552,3.9376422751785545,3.0115068224344297
Kashi Vishwanath Temple,2.0617035933513392,2.845950649081369,0.9979644679889751,3.2395923663782145,1.7004549146336403
Sarnath,4.6,4.353605413193266,4.6,4.581313247743696,4.051900918556538
Allahabad Triveni Sangam,4.7,3.64637233547113,1.556474027309982,4.7,3.4669886735748903
Jhansi Fort,1.9563938090045896,2.910725671735016,1.082982391183934,3.2852205467713214,1.644933651453318
Rumi Darwaza,4.8,2.6448440603847305,-0.28227203812651447,4.8,3.755283441202731
Lucknow Residency,2.0737728534860165,2.8397309823196277,0.9891613055351385,3.3128633721683958,1.6551467630121102
Bara Imambara,2.1117337805741094,2.9690392323785653,1.1035419086178655,3.421648631922007,1.7033810234826205
Akbar's Tomb,1.931076968058797,2.851974913674073,1.1407242780621931,3.3694433447964207,1.5754098326893204
Chitrakoot,4.8,4.538937433935477,4.8,5.046436721206701,4.408499058911575
Banke Bihari Temple,3.842970940208599,4.6,2.7670952793133967,5.011574175067218,4.6
"Prem Mandir, Vrindavan",1.989626871764903,2.9858625812586057,1.3322237542544182,3.453275095807309,1.6682743782732268
Bharat Mata Mandir,2.1623443493886936,2.794347803628749,0.9505935334586499,3.32290490976599,1.6244096599861502
Dudhwa National Park,1.531620222797069,4.6,1.0459697446672422,4.638284569039939,4.6
Mathura,2.110281162778717,2.7210377512795634,0.7924307230221312,3.2266541014670134,1.6712874214921905
Ayodhya,1.9840615780912936,3.0868018020600894,1.2854146967668656,3.4583400655943244,1.7814205011652409
Sankat Mochan Hanuman Temple,3.7341893605109657,3.630967047504548,1.1383393456916917,4.713441722277605,4.6
Kanpur Memorial Church,2.2518484974810216,4.7,4.7,3.7202856704210094,1.9354346009313128
Kakori,2.314724305955078,4.6,2.4818515737871034,4.6,2.861153662623212
Vindhyachal,2.197741237323122,3.047061135101476,1.4983795980252272,3.398102044507825,1.79590506844678
Hastinapur,4.023616053133012,4.6,2.820590347150307,5.061287559452275,4.6
Naimisaranya,2.242464480856209,4.8,3.0002859644837527,4.31544076698608,2.2786611606998997
Sarnath Museum,2.1427227617717977,3.1753068908855777,1.4368001100115977,3.526455564820009,2.0068001688360453
Govardhan Hill,2.80404472760827,3.4285948381121556,1.131659194307713,4.8,3.04622843209763
Ramnagar Fort,4.6,3.4168361913016674,2.2014520787515286,4.307002369456867,2.735757719543235
Sikandra,2.4643522349841676,4.592904637554485,4.7,3.7582268153309775,1.5404510519187211
Itmad-ud-Daula,2.9845584487691807,5.818020146590595,4.6,5.18769772504485,4.6
Gateway of India,2.6646000792476263,3.8263996795450588,1.7903179780091547,4.8,2.652496558830306
Ajanta Caves,2.1656303352441975,3.0504380477057547,1.220390489589155,3.5119672131216677,1.8380336528171477
Ellora Caves,3.2360352285291163,4.8,4.8,4.359537901193136,2.4610404697117656
Elephanta Caves,2.129881520516923,4.7,2.7758009751265904,4.286526989657941,2.2760865798315915
Chhatrapati Shivaji Terminus,2.0790918624545793,2.90524853462759,1.1565089760534482,3.353363282003503,1.7133632871949742
Marine Drive,2.2654418018324227,3.0591653359149658,1.3783443792811378,3.4854565846553847,1.8731328966210732
Shaniwar Wada,2.115944325920241,2.8898896132361886,1.1869886016248432,3.166538072634018,1.6650897954566757
Mahabaleshwar,3.901278202488113,5.194383028839431,4.8,5.016197511428565,4.8
Lonavala,2.001730045746214,4.7,3.132894509532804,4.050968390642037,2.17694287602128
Siddhivinayak Temple,4.6,3.5812395093108567,1.4091171213954474,4.35609891179277,3.389517903650183
Haji Ali Dargah,2.4377391761533365,3.8872794297259667,1.854695023842876,4.8,2.744499366051823
Alibaug,2.102206552235874,3.024417522580458,1.2957584601647876,3.428719119631067,1.7306436746515625
Sinhagad Fort,2.0662597629945987,3.099827724860121,1.2029808055535052,3.436374290484469,1.8564152525734732
Bibi Ka Maqbara,2.173456810644112,3.034511038419895,1.1896953775516939,3.4258393122725552,1.8443340693311314
Kanheri Caves,1.9521768979480147,4.910081053686033,4.8,4.054370592898831,1.8132900534725733
Chikhaldara,4.7,3.437647513740151,1.538095092605653,3.9852178907736735,3.31376868066814
Panchgani,2.205855765017008,3.2527705824994397,1.554828186669454,3.5460359062188664,2.0549987762235897
Tadoba Andhari Tiger Reserve,1.9584795890491669,2.9793232869535515,1.3591529455613636,3.221481191442326,1.5012508088491243
Rajmachi Fort,1.8797452836895838,2.932722337951199,1.2646769678050636,3.342274999318942,1.51177060755239
Bhimashankar Temple,4.7,2.743782967747954,0.896270216772207,3.8697453137241657,2.7605027603248757
Pratapgad Fort,4.8,3.1047282571718853,1.1771534958501708,4.203404094198566,3.385634587197913
Aga Khan Palace,1.9410395124261175,2.863168833484423,1.0059938775131083,3.321943649987597,1.504171727618567
Elephanta Island,2.5910280792354694,4.8,2.96071611789311,4.471095248789673,2.8652462578878666
Lavasa,2.1022840374459095,2.99481110260498,1.216393485743885,3.4070913798684304,1.7972606795561243
Nashik Vineyards,4.8,2.294550117255599,-0.16097542596516012,3.396618509388692,4.8
Aurangabad Caves,1.968667749571291,3.247418796073268,1.5437279668112938,3.271979676463954,1.5262695875525885
Karnala Bird Sanctuary,2.574638995444228,4.939653080305705,4.8,4.8,2.5546435131110163
Hanging Gardens,3.2996830336916387,3.8403840062399013,1.7104056536633128,4.59765815893574,4.7
Worli Sea Face,2.7512490005241417,3.7566510611905635,1.6019289845800568,4.8,2.67710248093404
EsselWorld,2.1427317547301072,3.0042123594349293,1.27817872456163,3.461040789451555,1.8245265741791363
Statue of Unity,2.214870272362828,2.9986080476911074,1.266347968180841,3.4191514428146723,1.8055470691600437
Gir National Park,2.698389689362896,3.453609755739172,1.3720014336032835,4.8,3.0996448275101827
Rann of Kutch,2.233639695746466,4.7,2.6418445251723566,4.7,2.6495528395457804
Somnath Temple,2.2767754031720044,4.911029609182591,4.8,4.104566034417613,1.864034437261058
Dwarkadhish Temple,2.1028815684505124,2.947667382042021,1.2131010151814547,3.4691015933875957,1.5252233419701582
Sabarmati Ashram,1.9755687563479603,2.8639411033702005,1.0072230373081075,3.279810826127856,1.6176406490380424
Laxmi Vilas Palace,1.9855688775266882,4.84809323694115,4.8,4.067322331616577,1.825882014152483
Sardar Patel Stadium,3.2095951979299726,4.7,3.05900898268536,4.7,3.179883947924294
Kankaria Lake,2.0408583578335473,4.740761631248388,4.6,3.9812404561492007,1.8594755559160823
"Akshardham Temple, Gandhinagar",2.3648870516595237,4.8,2.8054615377597925,4.353458162611747,2.3112337242708367
"Sun Temple, Modhera",1.7505249214751344,2.954327396005676,1.4666146603838015,3.233323742308929,1.4288340745940977
Rani ki Vav,2.1580421978554583,2.9528728149357213,1.135481845088967,3.3505688685083985,1.7735077744825019
Vijay Vilas Palace,1.9079933316318198,2.9175744896537923,1.1851133057422103,3.2578255837493044,1.537285573603713
Saputara,1.9692422925626043,2.9335434152910116,1.1782911959552709,3.3115101861697593,1.5805893605339987
Shatrunjaya Hill Temples,4.8,2.979226511498557,0.9909591323021757,4.016916976454603,3.1590495471613336
Mandvi Beach,4.7,2.9608762852328083,1.2238806106773419,4.1509695442780545,3.1625462439839316
Palitana,3.663389294637363,3.9483034762321143,1.982807745171891,4.628887402479576,4.8
Velavadar Blackbuck National Park,3.6578406882156576,3.687453422329639,1.249743899043422,4.665237549172103,4.7
Marine National Park,4.8,2.912674608001229,1.3031395952918383,4.099891807536282,3.14398943264075
Sidi Saiyyed Mosque,1.820657657773204,4.989360777969579,4.6,4.093949225994951,1.760932665531261
Bhuj,2.074673928480329,2.7692509867984447,0.9163085352731234,3.371298814910687,1.5876660272953829
Nal Sarovar Bird Sanctuary,3.232201622989857,4.8,4.8,4.459896008237239,2.704327330208283
Baroda Museum and Picture Gallery,2.1894169874192304,2.923942021832158,1.066042188111815,3.443017137548892,1.7748118261433934
Gandhi Smriti,2.1786965894508534,3.1672673554466004,1.4833381213761636,3.4486437449138942,1.8381439553443302
Hutheesing Jain Temple,1.9368423728514579,3.1479156103446146,1.3842677870273308,3.5244653953699228,1.7456476181400116
Champaner-Pavagadh Archaeological Park,4.7,2.452654481202889,0.6810697007216405,3.696720151897329,2.972234477873157
Lothal,2.1452726264764284,2.933920412228855,1.1759174708535203,3.421571065863504,1.795670543679487
Gopnath Beach,1.8666056411814786,2.9444264496804227,1.2324249536976997,3.3219154223962732,1.5449464051238582
Sarkhej Roza,2.309118222559695,2.976945669756439,1.2979947324990198,3.4391436299706926,1.7548164153800485
"Kirti Mandir, Porbandar",1.918563676848731,2.985312727988379,1.2974486338523592,3.39714921630745,1.7917372550116006
Amber Fort,2.9561082733724966,3.344163045576687,0.9657066318194336,4.8,2.8570527806116734
"City Palace, Jaipur",2.651269138666459,3.489321622437203,1.5172765492657887,4.7,2.7449654236134857
Hawa Mahal,1.9993617427416526,3.0348923090339026,1.0570051975148549,3.4590247456880223,1.810373514717247
"Jantar Mantar, Jaipur",2.494228319099002,3.889656455080907,1.7030007699655314,4.8,2.75884630335238
Mehrangarh Fort,2.5429032515795607,3.005021378054061,1.419312285865711,3.4730296090492314,1.9509075241539207
Lake Pichola,2.5713600623460606,2.8176236477602563,0.9760233805726966,3.773361698903362,2.261268948440737
"City Palace, Udaipur",2.023670818911353,2.93379592129341,1.1553730599978984,3.3614099869893312,1.6257040158044178
Jaisalmer Fort,2.50182513287873,4.8,3.110649063489993,4.451030351892454,2.7018451037685827
Ranthambore National Park,2.0986089293315753,2.909369418323031,1.093901711767653,3.4393147722284576,1.7406190799748802
Pushkar Lake,2.5892946266626122,3.593718052804367,1.5265607867715896,4.6,2.87811541808638
Chittorgarh Fort,4.0631615921097275,4.198671486030614,1.4003334980549313,4.7,4.7
Kumbhalgarh Fort,2.1141792261752372,3.079166290045331,1.2990386733900459,3.477105070072134,1.8286522427712668
Mount Abu,3.9412173655653273,3.8167247646217137,1.2801947786904575,4.728716860995677,4.7
Ajmer Sharif Dargah,4.6,2.5308920561389816,0.8813175371851354,3.6853468805890497,2.7849660960290095
Umaid Bhawan Palace,4.7,3.6201396977667413,1.7204120216130199,4.7,3.8276105369039217
Saheliyon Ki Bari,1.9031769164735146,3.073065386455804,1.1719601068194503,3.4613585376993274,1.7799174328364127
Jal Mahal,1.827552227866259,4.930886296455865,4.8,3.9789893861097747,2.0435028987875414
Nahargarh Fort,4.7,4.7,2.0853218515742373,5.0793710891853925,4.7
Bikaner Fort,2.6111408168620085,4.8,4.8,3.9653799734089685,2.1238208975980335
Mandawa,2.1529548406352834,3.147534464005844,1.582205288318762,3.3522533880960212,1.6707700957499143
Sariska Tiger Reserve,2.0167140703737734,2.9706125441375795,1.1209598094044024,3.3928829899025823,1.7782759490658442
Keoladeo National Park,2.173115415471471,4.8,2.7718974471830147,4.062126760399101,2.351452005222947
Bagore Ki Haveli,3.4497091970567286,3.732328005186973,1.4266665367052092,4.462829023734225,4.7
Sheesh Mahal,2.0492039501040855,2.9510995557035264,1.1721940291993624,3.3535664588945853,1.6483330903523146
Sikar,4.7,3.604974352986824,0.7987917768927125,4.893120300732781,4.7
Alwar Fort,2.1044477138936633,2.971146972527807,1.2169352831980305,3.5328847946667636,1.9602016616676707
Junagarh Fort,2.968950697326858,3.373442278376223,0.9835750004972885,4.7,2.961864133431172
Panna Meena Ka Kund,2.7474412753648623,3.9272124560107784,1.7492354804567243,4.8,3.1862646905556185
Jaigarh Fort,2.032826943568072,2.7445941099879168,1.006856549117034,3.1755726623155636,1.5133135856734132
Neemrana Fort,1.9882798530364212,4.742695490160115,4.6,4.063372425275908,1.6946213967198833
Victoria Memorial,2.1897453142335968,4.8,3.2483162383331474,4.2099276794160865,2.1531888681925375
Howrah Bridge,3.1844343169928058,3.820983267382954,1.6432934527169847,4.475343485436227,4.7
Sundarbans,4.3930339202226705,3.344598153499388,0.670886895488716,4.730301398945656,4.8
Dakshineswar Kali Temple,2.661168231330813,3.593459529520828,1.7919729311226327,4.7,2.8123055117232605
Kalighat Kali Temple,2.103777783861215,2.9295213076510582,1.0867587978808324,3.427788614249922,1.8146162958180987
Darjeeling Himalayan Railway,1.9199893166767015,4.8,2.98002591635996,4.121686951232608,2.2738762789269518
Indian Museum,2.098326432008726,2.9256909816227736,1.1316108275493633,3.3686227325752194,1.6979618413348052
Marble Palace,2.304131003659866,2.8063848392396893,1.0354121320908807,3.525114885327408,1.4854952795672136
Eden Gardens,1.5155255419621132,4.7,4.7,3.662138314331592,0.24796243200039259
Belur Math,1.7573403385680675,4.6537015398755885,4.6,3.8099922587934154,1.2921911484582247
Birla Planetarium,3.145342675319097,4.8,2.4075393293060188,4.8,3.2505764303067792
St. Paul's Cathedral,1.9793110118049906,2.882796589067205,1.1030415006422567,3.2916002318044746,1.6053965984166305
Science City,2.36161992648924,4.8,3.209775932755389,4.4094666902452335,2.3548980131286683
Jorasanko Thakur Bari,1.9081491955502308,2.872013612888984,1.2704673557059318,3.2283493527695546,1.4680331658336438
Rabindra Sarobar,3.7667342470951346,3.33975703237222,0.8611649458470626,4.589683162435638,4.8
Alipore Zoo,2.0284821938365267,3.0985517951460566,1.392068281518423,3.3449130194130583,1.5477854224473704
Netaji Bhawan,4.018735165560897,4.350843060138347,2.2380494581778567,5.063484409263182,4.8
Fort William,2.006763572714618,3.0042548802785403,1.2150245992449302,3.3885040992093773,1.747519558722774
Tipu Sultan Mosque,4.8,3.4593026270776503,1.5070447951241452,4.336495867746528,3.468009492356029
Nicco Park,2.0690200893762563,3.093192348492903,1.171448136820874,3.4670391027562744,1.7946685740095552
Shantiniketan,2.3078937124846184,4.637479584797729,4.8,3.9083880339340182,1.8617582866320195
Digha Beach,4.119486604351051,3.7906388105641207,1.3013350969919244,4.7,4.7
Bishnupur,1.9662762559275384,2.8706392920516204,1.1627346214451817,3.2739589122596766,1.6054798793669613
Murshidabad,4.7,3.8192868383889893,1.5623278982618183,5.07761556074184,4.7
Cooch Behar Palace,3.272200671488993,4.8,2.73861332328247,4.8,3.318434974436692
Sundarbans National Park,2.444677909534943,3.5519671965356654,1.0232298836782143,4.7,2.9028601282299875
Kolkata Tram,1.894439669610615,3.071120429417276,1.7011993504448606,3.0723518932884235,1.329640460773606
Ganga Sagar,4.7,2.7241482914634103,0.6590452664653487,4.010694383391828,3.0299480136518504
Raj Bhavan,2.068047023313958,3.0359821968611422,1.3743968181760615,3.426731913829173,1.6863836344708854
Jaldapara National Park,4.7,4.7,3.082001423585628,4.7456189263691115,4.7
Calangute Beach,3.328304274007015,3.783920407157196,1.6207549904579797,4.456458552361164,4.8
Baga Beach,1.979065235346527,2.7899328940650054,0.9193401763612168,3.3886876533094403,1.7170329329028824
Anjuna Beach,4.038651167473741,4.022242327883456,2.301290788289684,4.856137797205631,4.6
Colva Beach,2.5549827984204376,4.7,2.726689538560318,4.293783742720355,2.6094454086087064
Palolem Beach,2.407350477769626,4.8,2.7982172439192605,4.488366020410744,2.861649847493642
Basilica of Bom Jesus,2.1349386513043425,2.958236961379008,1.197026638411976,3.3601201831498613,1.6622835953819526
Se Cathedral,3.645122996285833,3.630854312727487,1.1220722888302068,4.487301252627805,4.8
Fort Aguada,2.309724704128105,2.980478347969084,1.2016357169935838,3.5226193130935006,2.0609629608357265
Dudhsagar Falls,2.9567059104466757,4.262893075661115,1.8731703574525196,4.865409285993628,4.8
Chapora Fort,2.195112255363668,2.964653584288319,1.3102350614788743,3.354861295877562,1.4476526627240993
Vagator Beach,3.0599738814563477,3.6106281626143346,0.8887458797610559,4.8,3.225227952580891
Miramar Beach,2.0627008368754205,2.997602110110885,1.1154205217211928,3.4136701589201497,1.6969356248837646
Morjim Beach,4.6,4.6,2.2222144779747817,5.218902500389723,4.6
Candolim Beach,4.8,3.2744118446762265,1.4051932308488662,3.8581921420335745,3.326349505352293
Arambol Beach,3.855427729674753,3.8050517951663254,1.1367699529102535,4.7,4.7
Shri Manguesh Temple,3.4021305005646516,5.964877730252813,4.8,5.600851597224667,4.8
Tambdi Surla,2.03010728516454,2.99551113074145,1.2469831605595636,3.435323633594045,1.732435865757595
Butterfly Beach,3.958935394406701,4.8,3.062984942603492,5.083659878797251,4.8
Goa State Museum,2.1053551267737967,3.1219691860539336,1.3582818206883558,3.4668471448448757,1.742562874670872
Reis Magos Fort,2.436845294933901,4.808328118819198,4.6,4.6,2.656677006371808
Dona Paula,2.361981067875481,2.9579500844661393,0.987299871031494,3.4344062066830117,1.8955290401604274
Benaulim Beach,3.5767902558746494,3.3826588376921065,0.5684274987920658,4.492518335980455,4.7
Sinquerim Beach,2.1813789791996383,2.934379227062834,1.2380784250012076,3.380493558690336,1.5985024548736775
Salim Ali Bird Sanctuary,2.1491200675600934,4.9217410095593905,4.8,4.157895399956314,1.7621775787048737
Shantadurga Temple,4.7,4.7,2.4559650201010044,4.911456224113123,3.6978608187640334
Cabo de Rama Fort,2.5693329805589658,3.4399624537875,0.8126348472064101,4.6,2.770856683101702
St. Cajetan Church,2.5217088154252583,3.1880273201869547,1.254597260295073,3.41763871032776,2.228562318482309
Fontainhas,2.250461887797921,2.6914933447658296,0.9389211373045817,3.285216778504076,1.7676985577207494
Betalbatim Beach,2.0461836980413284,2.6741959028225315,0.958632093399478,3.317753238796187,1.3734161801705678
Divar Island,4.8,3.6117999475729574,1.9175325811522872,4.8,3.700801994651641
Kaziranga National Park,1.299319922419133,5.534355037705941,4.8,4.8,2.801636423097533
Kamakhya Temple,2.6231320931117565,4.7,3.2826370333475556,4.2652474006510115,2.789744571148211
Majuli Island,4.6,2.844523868888211,0.8372240022697366,3.797627638062095,3.0294182951829924
Manas National Park,1.8249374884127851,3.2618319229246566,1.3767274289560847,3.347462055596405,1.6513202253585506
Sivasagar,2.0651473810179035,3.0816196546240477,1.1914570704187009,3.424415087360135,1.8344305576703568
Pobitora Wildlife Sanctuary,1.8799591903543544,3.0637746094057077,1.3289932053791824,3.3063613647995873,1.6387719046395577
Hajo,4.6,4.6,2.165196491994434,5.228609931586824,4.6
Orang National Park,2.107912755616448,2.9710205801268255,1.2195347409412187,3.425771966852943,1.857164015224532
Dibru-Saikhowa National Park,2.194524553718925,2.961687924130958,1.1477270720567119,3.2640699714414487,1.725272895926433
Tocklai Tea Research Centre,2.603382640822019,3.947518507609801,1.9795143724390103,4.6,2.901019386357588
Diphu,2.0650101310013387,2.9478213429728557,1.1991354869840407,3.351385806236288,1.6542757348967827
Bhalukpong,2.2423654247160507,4.7,2.7616464036034825,3.9992481394387447,2.2688569306440707
Panimoor Falls,2.17588387310809,3.2061883531948365,1.245983981446801,3.6877526930604527,1.7566924534966044
Tezpur,4.8,3.011397598394306,1.221743133373405,3.959002757820313,3.106920176962803
Sualkuchi,3.9507907420303137,4.113018423450284,2.056400656716223,4.727273145773817,4.7
Nameri National Park,2.9153402735670575,5.049654281711613,4.8,4.8,2.854767176013824
Umananda Temple,2.3098602485226456,4.831431778829339,4.7,4.037379012320754,2.15355724714711
Jorhat,2.2086608468836126,3.0199930887714608,1.2557808776031456,3.5986392483613905,2.0069744557510063
Silchar,1.9940133355175274,3.0057674355759283,1.25778506362362,3.368230889863024,1.6076380988438226
Dispur,4.6,2.815646651617655,0.9554227591239717,3.899940252362867,3.0281279920708313
Dibrugarh,2.851606449603108,4.8,4.8,4.303599843910708,2.167502183334407
Digboi,3.010252125514764,3.6943006150629483,1.5893371341977782,4.7,3.117239126479867
Barpeta,2.8219413367832944,3.7530330953931865,1.6125725243695035,4.6,2.3022564292347854
Haflong,4.8,3.1225552118381206,1.0912909937475386,4.291867873966736,3.7030979591499738
Chandubi Lake,2.6121980281867705,4.7,4.7,4.7,2.4615554603443424
Karimganj,2.151669724297572,2.8913229143068007,1.0627516511098516,3.388130921554187,1.7797491239592482
Goalpara,1.8340294405381392,2.8897394443982463,1.1587983887168287,3.1808504743907315,1.599369723114013
Morigaon,2.390020014312019,4.7,2.248994434206719,4.7,2.6524571095808267
North Cachar Hills,2.0933307588144605,3.163009306093468,1.3924063517688987,3.505384580291785,1.9538711910699547
Hailakandi,2.27466411498548,2.8155537372278223,1.1262315938694096,3.3624217151076676,1.5116855814568555
Phawngpui National Park,2.113611331557647,4.8,2.749979940962527,4.295728461004002,2.3774292602861293
Vantawng Falls,2.1447656313290775,2.448276885455538,0.7083723098023853,3.0808619278583635,1.3876527790854791
Serchhip,1.7257417350518418,4.835985599819808,4.6,3.916320286759295,1.5282971205337121
Aizawl,2.3866271108180235,4.687391367142716,4.7,3.9312065390090396,1.7461513628705934
Champhai,2.3419632982692518,4.8,3.1971922595459707,4.208306509969677,2.585464977644485
Reiek,2.560622872877679,4.7,4.7,3.950808444126907,2.401399982121842
Mamit,2.0841262719902502,2.9744304582865047,1.144891414940573,3.315480562534122,1.5700790698903102
Lunglei,2.0582217989425353,2.9345582948071156,1.1424634516023398,3.295741189244413,1.7258505014395362
Hmuifang,4.7,2.7873845605166183,0.729023013597551,3.7512468874395712,2.950211182456519
Tamdil Lake,2.0968144407901934,4.6,3.0721406897917642,4.4626230113740615,2.780009290848853
Baktawng Village,3.769765600508369,4.203856373805488,1.98191834471258,4.9388855685317985,4.8
Dampa Tiger Reserve,2.0995474232191644,2.9175637764063667,1.1669328765472127,3.349942173253961,1.714159942494333
Thenzawl Deer Park,2.1227637567833773,2.857522110910645,1.0311557597675232,3.463717701980398,1.825024854275917
Falkawn Village,2.187403494742253,2.810217551383539,0.8926670401707506,3.407159516582322,1.6839011715758188
Hnahlan,1.8706913047418086,2.9856679394621346,1.1998911176578024,3.437060785535361,1.6478635347752528
Zokhawthar,3.0789109160767736,3.6897048894778233,1.6139415193898978,4.6,2.9938285608981463
Bungtlang,1.8414499963883393,2.8800965992307073,0.9556822643951146,3.2720259774769076,1.566193582046366
Saiha,2.066499754038513,3.033128783427272,1.1674733174621075,3.430545994232806,1.8086295745111205
Khawnglung Wildlife Sanctuary,2.591091633822114,5.235518057508019,4.6,4.6,4.6
Murlen National Park,2.1316518100753785,3.0775719951528324,1.3857183581269419,3.4870920862771153,1.7578410446734642
Palak Dil,2.483545726762506,3.4761735654190367,1.5572291124399507,4.7,2.704344246313082
Tlangnuam,4.6,3.648697389274767,1.611635703622753,4.483119431673854,4.6
Durtlang Hills,2.298950130395198,4.92488591297885,4.8,3.9488973493749047,1.9554227919338458
Sibuta Lung,2.0147649241733627,3.116878965007419,1.3126734018399773,3.4938318451198223,1.8800067702246106
Biate,3.9398424460485435,3.6192397770363756,1.4717115906433562,4.71224923248887,4.6
Khawbung,3.628870035850709,5.576957971344207,4.8,5.2910772598108196,4.8
Sialsuk,4.7,4.7,3.0862044093584857,4.858410685162753,4.070018438065488
Thenzawl,2.03422129329532,4.6,2.854833770103936,3.9238402949658986,2.132998306575782
Saitual,4.0938166949579395,3.5173270753530894,1.1522248826422397,4.6890328084293635,4.8
Zorinpui,2.850842636823475,3.495969668788424,1.0582011725837739,4.7,2.837449757167467
Khajuraho Temples,2.510545329606021,4.995632063439298,4.9,4.379951111394308,2.591424469531895
Bandhavgarh National Park,2.1544622310456174,2.822323680761454,0.9667982328219863,3.375331535875967,1.5570501685982598
Kanha National Park,4.7,2.923965548128749,0.133318613196451,4.7,3.7204575075441917
Sanchi Stupa,3.204562499258282,3.6543880322036473,1.0315887604051195,4.8,3.0471614803792177
Bhedaghat,2.385063714719186,4.728310110759213,4.7,3.9806380133967445,1.9116552364674684
Bhimbetka Rock Shelters,2.192903759806307,3.035216230808087,1.259561131048358,3.453664396299287,1.9047946616902718
Gwalior Fort,4.8,5.448629951819383,4.8,5.513693451804602,4.8
Orchha,4.7,4.817028802597901,4.7,4.927980800640978,4.7
Pachmarhi,1.833032151538339,3.1184041090431123,1.2668683265932312,3.3399865099796635,1.9132452597644432
Ujjain,4.8,4.8,2.528069185495363,4.8,4.22087708678845
Omkareshwar,2.269965824512413,4.7,2.7068033488739003,4.091438605131903,2.4686815866285965
Mandu,4.8,2.7832186765255895,1.0258341352218976,3.8649626127798586,3.547008578952705
Jabalpur,4.7,3.0265114979391683,0.9472566877719579,4.001173854878132,3.4597867651633867
Maheshwar,2.4893601908284153,3.109068261057863,1.3855729903816016,3.565632721029141,1.807768070991966
Panna National Park,2.0992750920880785,2.8833743996967045,1.0530382722372373,3.350158383139532,1.6946108035529175
Satpura National Park,2.117593346278603,2.89368963547325,1.0583372779224771,3.150431549195127,1.6586758802526278
Chitrakoot,4.8,2.99420769168399,1.6003871554730167,3.7039915750898,2.072265617444134
Pench National Park,3.6543598562228445,3.5027204427267766,1.2973221262245231,4.425817024639715,4.7
Jai Vilas Palace,4.8,3.484857689477457,1.6273576976958584,4.173101657842053,3.4095701865760035
Shivpuri,3.9425115618480975,4.6,2.982009636820808,4.818946922783299,4.6
Bhojpur,4.7,3.1659334743058967,1.1864675751375846,4.231495000593117,3.293400158184638
Chanderi,1.9178134442161918,4.8,3.1932974101518186,4.317120874940983,1.9807573887529852
Indore,2.7265534628421952,4.6535156816980505,4.7,4.1638695207263225,2.405224321281909
Bhopal,2.130322278196645,2.801891613466256,0.907541773560319,3.3246129909457967,1.6834939910113005
Rewa,2.3244014436665306,4.5190802796093825,4.8,3.888446143574091,1.9428966727907913
Hanuwantiya,2.7064729796640976,4.819328961611934,4.7,4.322950609464445,2.2982888521364315
Madhav National Park,2.3573608048342054,4.6,2.5119143005936158,4.032085950969132,2.3812221943321576
Raisen Fort,2.0371460733107645,2.8539857605961965,0.9946477823392497,3.3263707293347187,1.5963349340445676
Tawa Reservoir,2.3025196906814482,2.944223566496317,0.8369525465850123,3.5787254292036144,1.8789197986318638
Ralamandal Wildlife Sanctuary,3.808178827045362,4.6,3.0294365330077233,5.21758544320191,4.6
Betla National Park,3.4785518566157685,4.5404244838921795,2.6659349498581952,4.66471917093838,4.8
Dassam Falls,2.1711274568399186,2.912183120263773,1.0441896108795554,3.389914129345385,1.5776136463123782
Hazaribagh Wildlife Sanctuary,2.142637126577856,2.7618003890363005,1.1834230143063182,3.1709554094642582,1.5210246267734835
Jonha Falls,4.7,4.7,4.7,4.7,4.490266523463773
Netarhat,4.8,3.628832225234422,1.0691536916495614,4.8,4.8
Ranchi Hill,2.249099069521062,3.0524169125246976,1.3482761444841513,3.2994472184342856,1.7097195619173517
Hundru Falls,2.00352121315847,2.9784256013727877,1.2188973686546232,3.409353280178604,1.6255179761502214
Maithon Dam,2.2924213387512746,2.86082669102365,1.188999410849552,3.3428122227323604,1.7372989324725145
Deoghar,2.0529732711308535,4.7,3.5004267225194314,4.3249903007426544,2.1817306235156946
Jubilee Park,4.6,3.1457266918036293,1.3817519566977472,3.909407823498405,3.141942626575842
"Jagannath Temple, Ranchi",2.0999192765128556,2.798599899843704,0.9214722896834568,3.506359210634228,2.025665268894164
Pahari Mandir,2.0369683951483575,3.0097940853284473,1.2840123046837673,3.406857852687142,1.675287847310641
Baidyanath Temple,1.4646253361193038,5.40393565226434,4.6,4.6,2.20404995964892
Parasnath,2.2127677732660596,2.991826008475996,1.024958079034228,3.415065408959603,1.920271557709665
Dimna Lake,2.1818308647033486,2.8802338502180067,1.0020419935141889,3.3471136219008946,1.773565497708079
Patratu Valley,3.4515998990815535,3.107296011297454,0.46500438016223244,4.325060815794826,4.6
Topchanchi Lake,2.3429159976459895,5.0744067551725145,4.8,4.377851930386431,2.459193535541848
Bhuvaneshwari Temple,4.7,4.236368267969379,4.7,4.858325965991399,3.679315584381386
Naulakha Mandir,2.6227999858226045,3.0655821062608726,0.7351177159833829,4.6,2.3101146576538802
Chandil Dam,4.8,3.0148776615704778,1.0580368073978748,3.8113596190213705,3.2412549116754397
Birsa Zoological Park,1.9454963253187083,4.7,2.5114055778614994,4.071143043658723,2.403934271780529
Madhuban,2.1263204204308055,4.6,3.0170180073271915,4.022156256056504,2.200173899028349
Sun Temple,2.1625724127124597,4.8,4.8,3.9123805037159216,2.058681198710405
Lodh Falls,1.7597645408634612,3.187024672350937,1.3677156565820978,3.4472424860765454,1.796478067573253
Rajrappa,3.1189834903194074,3.20380217931184,0.9122520357565995,4.6,3.1698403120641925
Chandrapura Dam,2.690368814799584,3.989054020010226,1.769462658040131,4.8,2.657139316381942
Usri Falls,2.1624047167306526,3.0517693874646534,1.1027817963882243,3.480122408501037,1.8395855129396608
Jamshedpur,2.961911265216501,4.785629790545378,4.6,4.415133210435442,2.9329103690482015
Panchet Dam,2.165804008713887,2.958323659788585,1.2039042051184083,3.3490925790254056,1.6870128234823143
Maluti Temples,3.8125517034258545,4.193190810235055,2.084466018581044,4.862228503920678,4.7
Jagannath Temple,2.0812381550073265,3.0878806936062406,1.3558504763384358,3.319706819731233,1.7301845716452322
Konark Sun Temple,2.113335610462895,3.0450650794416614,1.2996947299236865,3.410155811255747,1.7673964146893366
Puri Beach,4.7,3.8960698281013806,1.8809116327020083,4.699776814052018,4.7
Chilika Lake,2.0083890162637235,4.8,3.2096474501820884,4.170835498979181,2.3260603462198306
Nandankanan Zoological Park,3.43379806766778,4.19710273653604,2.0474425991008904,4.774734043369054,4.7
Lingaraja Temple,4.9,3.3955329485747616,1.1538652726135645,4.489228881237118,4.9
Udayagiri and Khandagiri Caves,2.153976139649031,4.8,2.561592593469463,4.166104668864565,2.2629035375744984
Simlipal National Park,2.701128918489893,3.0549444397105914,0.48027225800895335,4.7,2.582449653520165
Dhauli Hill,4.6,3.4782269345915795,0.1426438341341949,4.8718981550804745,4.6
Raghurajpur Artist Village,2.146888571863813,2.9812187894996955,1.1589386934712775,3.4078912916679966,1.7616977757561092
Bhitarkanika National Park,2.110661428337398,2.897662040107424,1.018184861005225,3.4453694336784904,1.8153084832583903
Hirakud Dam,2.193892762609237,3.039864013475828,1.1131159912689181,3.470922269409047,1.8160697932035295
Chandipur Beach,2.8394035905412727,4.7,4.7,4.28270699752308,4.7
Barabati Fort,2.1239131861415608,3.0164021117650806,1.2105778815599555,3.4488760456518026,1.870833226649319
Satkosia Tiger Reserve,2.57880514729953,4.8,2.339806794238033,4.8,2.7100450602955606
Brahmapur,2.059166886578357,2.845090980190563,1.00729370231763,3.4279915529740927,1.8403238928221126
Khandadhar Waterfall,3.846309964192672,4.428652318689043,2.4467561225989387,4.907409301545549,4.8
Paradip Port,1.6942715190112154,4.84839032445942,4.7,4.101322513346845,1.696006022730235
Mukteshwar Temple,2.023991105994773,2.8126807051339804,1.0295320212049068,3.359006073993479,1.7679213154137414
Chandaka Elephant Sanctuary,2.150562017994421,2.939201462284088,1.2224318597636543,3.3989618537758233,1.69515183557936
Tikarpada Wildlife Sanctuary,3.2931495882273842,3.2202134157605915,0.5750175041618801,4.365156593583466,4.7
Biraja Temple,4.8,2.879834714105157,1.0486847675156303,4.114994016471368,3.1772020737138584
Gopalpur Beach,2.059262100918801,2.9275545970375245,1.1441434269167972,3.3477306072174517,1.6873881532987065
Maa Tarini Temple,4.6,3.0310855141333435,1.2906467236510992,3.7588969825178067,3.1712424350811412
Harishankar Temple,1.7626200332135666,4.793959807370165,4.8,3.747811914757552,1.201223042305525
Lalitgiri,2.2238215706397395,3.0332429593733443,1.1545641699475324,3.486637392337654,1.8413665683514246
Kapilash Temple,1.991511440420265,4.645947056960131,4.6,3.9174348551476426,1.7267524153190423
Taptapani,2.091083335092049,2.9937475638010382,1.2386980328981974,3.3992366770944,1.7285825178088785
Cuttack Chandi Temple,2.533630287788924,4.7,4.7,3.9547874281464432,2.103593361206465
Daringbadi,2.403042330254472,5.148144319276007,4.6,4.6,2.484623499952819
Nainital,2.579593311665264,4.9,2.3135411686835483,4.9,2.8693323116279936
Mussoorie,3.790592934886818,3.685574967619096,0.9926974457683202,4.8,4.8
Haridwar,1.7583852817889225,3.044787350355498,1.159827268099927,3.3504168242737236,1.646652807988554
Rishikesh,4.8,4.8,4.8,4.801507588516646,4.411878998846966
Jim Corbett National Park,3.766063197759548,2.853805720084098,0.6148272187855043,4.382019227733866,4.7
Badrinath Temple,2.1891448994593428,4.9,3.41890507548011,4.16090314452271,2.378100617113875
Kedarnath Temple,4.8,4.8,4.8,4.8,5.336853950370201
Valley of Flowers,2.1170801904537075,2.80894895706463,1.0392353555910163,3.4061622213929366,1.8428239005058555
Auli,4.6,2.875215429846364,1.0288101878521447,3.8042441975040786,2.742509427125405
Dehradun,2.7476269255989565,5.238645538790128,4.8,4.8,2.715508831899158
Chopta,4.7,4.951901572904847,4.7,5.344965607834078,5.401889939663393
Almora,2.3773118199833196,5.16568994363275,4.8,4.8,2.9219426535113104
Ranikhet,4.7,3.1174961562249797,1.2850759274776873,4.01735042336113,3.2282688080925697
Bageshwar,2.5499685179968057,4.65441268133394,4.6,4.075812926507256,2.0850159542209235
Mukteshwar,2.1453524772312913,3.0131900093445814,1.3011779419967486,3.4218553012993733,1.740592928734979
Lansdowne,2.1459681136022426,2.8119014964376814,0.9749471582960152,3.220595263060186,1.6369134174961986
Dhanaulti,2.289545284973695,3.0774081504467725,1.215153567128115,3.5569274804068036,1.8537984388509139
Kausani,3.510843902896122,3.30216470052234,0.8294433665410672,4.437446348092749,4.7
Gangotri,1.9792504963489843,2.72881796940949,0.8454581489166753,3.245984665681745,1.4309977071549516
Yamunotri,3.306571866579871,3.292411817742006,1.0522047030530008,4.10046275250777,4.6
Pithoragarh,2.138514221722558,2.8615586270136344,1.0682513477957978,3.3801111222098754,1.7714315545903678
Tehri Dam,2.018222751577921,2.626494397787832,0.7738255241860055,3.2172034986290847,1.3361543298221685
Bhimtal,4.7,2.8546483673339402,0.8649752437327027,3.614616091524044,2.416374921098846
Naukuchiatal,2.607372760284743,4.595466568512871,4.6,3.814079105451534,1.9261224224267763
Jageshwar,2.9395142332608994,3.6532230865875692,1.4582834065927925,4.8,3.0040083519186016
Binsar,1.8715296648316482,3.070119216468067,1.3293535102726142,3.4688896350367173,1.79058730820419
Hemkund Sahib,1.8137480869759288,2.803010485452547,1.2753028188476214,3.07773319811111,1.421946547174108
Guptakashi,4.8,3.1652103185794553,1.3034766172157988,4.18298168947501,3.4414824841453298
Pangot,2.0781293749829044,3.0089806134444688,1.3217772260041523,3.313394237524886,1.6313560976795358
Sattal,2.0636565092917247,3.115607103666903,1.513413193759432,3.497462058125191,1.6706939033111499
Chitrakote Falls,2.126221250525403,2.9764013864605166,1.2392933680431808,3.3694759428202246,1.6625001981215428
Barnawapara Wildlife Sanctuary,1.6218966419196283,4.504798275905253,4.8,3.525444843763582,1.516569391857159
Kanger Valley National Park,2.0055915726662725,3.045011389720552,1.2830083602526738,3.3236888370414093,1.5291322882625709
Bhoramdeo Temple,4.8,2.9924873706376096,1.050923895150064,3.9520125638147787,2.9861386992482615
Rajim,2.3014186613160734,2.8734584676470454,0.9027108266782196,3.494970688689563,2.0266889168411093
Bastar Palace,3.8992623537639686,3.6442121852280795,0.8694624602217627,4.7516486378631875,4.9
Mahant Ghasidas Memorial Museum,2.3137211046515365,3.0574709918304643,1.3008311987330572,3.432985982872775,1.6268315657024295
Dandak Caves,3.6603662860502464,3.1085448268095943,0.2140694542385584,4.509381307611978,4.7
Sirpur,1.9245522149734167,4.55272625369172,4.6,3.8104969944744873,2.0549270184583914
Sitanadi Wildlife Sanctuary,4.8,2.833058424796074,0.5314187755406654,4.8,4.417212717314991
Gadiya Mountain,3.6502457497186125,4.7,2.613439622655531,4.7,3.2179445646551876
Dongargarh,1.7089239371215628,2.8888493240572917,1.190572604604236,3.193445404122973,1.4997304879444255
Raipur,2.1333676002529693,3.056181375542833,1.3005125278800644,3.4326909691520573,1.7342367773677207
Dhamtari,4.6,3.531555943810617,2.044732630571473,4.242614628313931,3.2719406493137737
Bilaspur,2.3676045446209737,2.995756263978405,1.4411058566202677,3.4675575100660048,1.8484719152788427
Tirathgarh Falls,4.7,3.4971104600796887,1.2794794571038532,4.7,3.961508523573433
Maitri Bagh,2.590154409292708,4.8,4.8,4.134828554122743,2.25947703414147
Indravati National Park,2.0697356646797815,3.0449615230154623,1.3398242437071626,3.45905899795095,1.8014632190500421
Kailash Caves,3.6433657517851206,2.827836053382512,0.07535510783549704,4.417604011383863,4.8
Narayanpur,2.1559808395427895,2.9246076560622565,1.112473903976512,3.3248604642261532,1.7531015282967524
Kawardha,1.9149792798406429,2.7982319926523345,1.2137573298746227,3.1776711271620885,1.5681753697059668
Amritdhara Waterfall,1.9900655373573797,2.899694733019136,1.125548926972158,3.3634791657374294,1.5873991414155648
Ratanpur,4.7,4.7,2.8144178192621014,4.7523827365183235,3.406953353450195
Mainpat,1.9947575259522405,2.864859483892838,1.067954011549192,3.2879389551859393,1.6210532296489677
Sarguja,4.8,3.4961459670411568,1.1559637398501277,4.8,3.605553247402889
Khutaghat Dam,2.543466257269869,3.02562355764598,1.492923339389042,3.4677420433147503,1.709978070624228
Kunkuri,3.4047779227923494,3.5644298221680253,1.5175684383942998,4.276466957892995,4.6
Chaiturgarh,2.853034642935676,3.6273805962725048,1.4936718963891322,4.8,2.754894134656391
Rudra Shiva Statue,4.7,2.940231533636448,1.117378196572094,4.183267112663506,3.1861649816868596
Rajpuri Waterfall,2.1599109221624433,3.0504390267433847,1.4500574783489157,3.4336254991713138,1.7495316328663741
Mahabodhi Temple,1.74764431330683,2.724097733679707,0.6516020259467905,3.28207492511325,1.6243558639123166
Nalanda University,4.8,4.902626317994629,4.8,4.569731928157638,3.4351899115929116
Vikramshila Ruins,2.3221260281508944,2.9296456360811947,1.0097360718932302,3.541701296910638,1.8790950616148139
Bodh Gaya,1.6403579146172405,5.1963701871308725,4.8,3.9190531454796176,1.5923869430463378
Rajgir,2.2872132286026083,3.0394860938758184,1.357193272647707,3.3970175869960344,1.7657834409874253
Vaishali,2.218039520203685,4.9,2.7939680190536453,4.194229757300994,2.2562238803021986
Patna Sahib,3.602747982834159,4.167058454302276,1.78435604119848,4.6039930883083695,4.8
Bihar Museum,2.4302740380595154,3.7701314561112937,1.8012982325698912,4.7,2.653540737318819
Navlakha Palace,2.0282402133858346,3.150673436106737,1.6134453662973232,3.4210031764677438,1.5445158765858236
Jal Mandir,4.8,2.9770945982395474,1.3102339119661013,4.073503373306057,2.8828760435259926
Sanjay Gandhi Jaivik Udyan,4.7,1.165130892670362,-5.063294071039103,4.7,4.7
Sher Shah Suri Tomb,2.102901837638286,3.031159326798949,1.3531278285909962,3.3697253613184013,1.581695615841209
Barabar Caves,3.9177748038612985,4.7,2.269427737651914,4.7,4.7
Kesaria Stupa,2.992565648149954,4.6,2.2658768342593074,3.6689626101089248,2.170085746026172
Kanwar Lake Bird Sanctuary,2.451838930625504,2.8521894710537308,0.9393188924250869,3.470129772043013,2.0965554800827246
Patna Planetarium,4.7,4.7,2.7048908450285025,4.843681277844893,3.6193233916261836
Munger Fort,2.3054187922048515,2.9845785923183663,1.0127942423744727,3.3991543560890602,1.861562713208288
Takht Sri Patna Sahib,1.9892519794286843,2.8577795878535928,1.089064024433421,3.358095133015688,1.6882139872133046
Maner Sharif,2.300202517436856,2.9315578661107864,1.3662559098153613,3.490820760656713,1.7988018015167095
Patan Devi,4.6,2.81675692692676,0.22313252441089115,4.6,3.7647359596046783
Golghar,2.1257588907615075,2.75384393835054,0.808624227996483,3.550790920919091,2.0904101500774943
Gaya,2.4465968869933024,4.999825445422452,4.8,4.108867701913129,2.242732016502461
Chandraprabha Wildlife Sanctuary,4.7,3.281584105943388,1.4789461854757142,4.133930720374243,3.3420158506536026
Valmiki National Park,2.0240092179307863,2.903835453433736,1.0579863418686253,3.3522751515029054,1.709065229215081
Madhubani,2.5534363036615204,4.8,2.9463446264337754,4.51679387437059,2.445084396178099
Buxar Fort,3.2104002786737595,3.1326233841109334,0.6406504839752452,4.7,2.9175446215290606
Pawapuri,4.6,3.1231558309291514,1.2761185806313382,4.027222964490174,3.142810145175145
Bhimbandh Wildlife Sanctuary,2.090039367778934,2.905392838480101,1.1987135529772062,3.3193825220705584,1.478872369359769
Kaimur Wildlife Sanctuary,2.0592076097959455,2.8897241261896354,1.215546198797242,3.2680279132330714,1.6014117047121545
Darbhanga,2.459911463364155,3.6574604129571084,1.673934876001247,4.6,2.54640893366373
Neermahal,4.8,3.2889772279730902,1.1860304263801469,4.368615408356268,3.293565995156784
Ujjayanta Palace,2.860977262457391,4.7,2.741956075032922,4.7,3.170859288150277
Tripura Sundari Temple,2.073744066591351,4.6,3.0125998878257896,3.978651937296134,2.066396541261715
Sepahijala Wildlife Sanctuary,2.3553592279339814,2.752515113108698,1.0419842143542826,3.3076817756565795,1.5864377752305676
Jampui Hills,2.568599611869677,3.727820644740109,1.6574931339561958,4.8,2.8635013870699324
Unakoti,1.981496205120821,3.07291481482191,1.4866287527411752,3.5408720215299394,1.6395118481313709
Chabimura,2.0443741968230507,2.9511234672697384,1.1968126401115369,3.365834812253203,1.6836642556064185
Pilak,2.03774374378375,3.011516981674812,1.2445449344248938,3.3747288187436477,1.7353595425143096
Dumboor Lake,3.705859800099498,3.7888291773090166,1.4012126790994046,4.791681955233352,4.7
Kamalasagar,2.3945765884836057,3.0321881400425306,1.4181749002670312,3.4725188427288245,1.893848917230924
Trishna Wildlife Sanctuary,4.8,2.940560583114126,1.1489077551913696,4.1209941830287455,3.1878561025313603
Bhubaneswari Temple,4.7,4.263900248644862,4.7,5.0208058345957065,4.352337304784534
Kunjaban Palace,1.3495199133906013,4.937502088683923,4.6,4.6,1.4078679391971156
Buddha Temple,2.096061847128522,4.760362034581909,4.8,4.150492707770389,1.802332265659426
Boxanagar,2.228489931900931,2.922487856934367,1.1336222856528186,3.3441112784554927,1.7688282206898653
Devtamura,3.525297867763385,3.3317109212981726,0.8667399182873896,4.405964911299814,4.6
Rose Valley Amusement Park,1.8366230649559045,2.7908860320661546,1.0760420951567555,3.159068755723934,1.5482631033031389
Heritage Park,2.213520739018125,2.9012127025077024,1.0736591316858788,3.4839604511496174,1.9121361841470716
Gomati Wildlife Sanctuary,3.3233530047468665,4.6,1.7885625433996917,4.684530169869346,4.6
Hatakaijao,2.1158377312710006,2.956327145064519,1.2176978316255394,3.334363843233898,1.6921572125970668
Fulkumari,4.7,3.442028586987596,1.3851234913760893,4.7,3.622700513775057
Kalapania Nature Park,2.7956070605009273,3.6655313966229324,1.4821911282403506,4.6,3.1904611362058746
Baramura Eco Park,2.1085602945755135,3.0653786097397493,1.4844067047032352,3.3795949615843988,1.8184991542773445
Malancha Niwas,4.7,3.12546444117407,1.1215772342615395,4.116937383588869,3.273883702130974
Udaipur,4.6,3.3794130813691146,1.3823501772700397,4.6,3.089615150867141
Mahamuni Pagoda,4.8,2.805319663077408,1.086812345987386,3.843218120440314,3.1413960357020123
Sukanta Academy,2.11862518495485,3.038391892847643,1.3888011430440892,3.3120599011449054,1.889906310392626
Rasikbil,2.2901649474880914,2.840623446248169,0.9784950270337955,3.3797657327778783,1.790938345473138
Bhubaneshwari Temple,4.8,4.8,4.8,4.359591361640527,3.2396783862546816
Birchandra Manu,2.0785228559027877,4.8567651601386,4.7,4.165261884491273,1.9307442584575378
Cherrapunji,2.184940690604533,2.9822993926864405,1.2443846292159508,3.331690320506257,1.7380089697874437
Nohkalikai Falls,3.738430367554123,4.8,2.190310179078839,4.792314868912319,4.8
Living Root Bridges,2.110218082645172,2.998947574582876,1.4165323190681303,3.4075300761606537,1.719960429640174
Mawlynnong,2.1925231390181015,3.0038990869518796,1.224937173840001,3.4310149811732362,1.8892210194934176
Umiam Lake,2.765688435646924,3.5722994306189753,1.3674431203942923,4.7,2.9230058619740196
Shillong Peak,2.0949159756923588,2.9191861218483006,1.1744218275536273,3.3836174911021857,1.6867584140885827
Elephant Falls,2.6634420324818806,4.8,3.367171641108876,4.22099910599104,2.6025068743892987
Dawki,2.7659001212487997,4.7,2.5158558877700603,4.7,2.946870386623221
Mawsmai Cave,2.3518243343547987,2.8999111587835897,1.507776956526125,3.3798074946138494,1.8412092825590591
Double Decker Living Root Bridge,2.748745131900792,3.586150204620413,1.5463998834746167,4.8,2.5571945961410356
Balpakram National Park,2.21765571746936,4.7,2.73190071275832,4.098222665971455,2.0601569374431232
Ward's Lake,4.8,4.8,4.8,5.023412279362822,3.869956359055243
Don Bosco Museum,2.0964058109799404,4.612843999718607,4.7,3.8478835542777006,1.7291020286927725
Mawphlang Sacred Forest,2.9296165183035865,5.249001607217045,4.6,4.6,3.0328054531259183
Siju Caves,3.6094606916218486,4.076411397657774,1.9926636449769628,4.929925713312257,4.8
Laitlum Canyons,2.2384782450982628,3.031027392176956,1.4250396211090235,3.3151884861278025,1.6322552170546318
Nartiang Monoliths,2.2678519345187986,2.9641557397271474,1.2984011742966062,3.319269054636554,1.6038582074352583
Thangkharang Park,1.9720406074819568,3.0528485122300766,1.2745757398614481,3.351825468367231,1.685252470244607
Jakrem Hot Springs,2.2490191239963324,5.009896738521011,4.8,4.266922506838087,2.372347425000785
Mawkdok Dympep Valley,3.8042225837216765,5.267638157984916,4.6,4.998010087049131,4.6
Shillong Golf Course,2.6131036523000333,3.9031881595074793,1.8549909367133954,4.7,2.6480694956217374
Kyllang Rock,2.1530493657817575,3.077062353960081,1.4117644693208544,3.533481232956758,1.7938352804463982
Spread Eagle Falls,1.9210279476399472,2.8437453478655916,1.054842404796787,3.1972126362279063,1.3137821230995996
Nongkhnum Island,2.3777594646465694,3.445477753758073,1.7597379127120178,4.6,2.485670358862238
Bishop Falls,2.19166615851925,2.798255432377285,1.0230501431321928,3.2923990254451985,1.582063545803643
Nongriat,4.7,3.1277625224138106,1.0727078105639523,4.134337269552561,3.25296025075305
Mawjymbuin Cave,4.6,3.123352713890716,1.053826497613534,4.305112824779112,3.5189347827195663
Phan Nonglait Park,1.9862389204925897,2.9051362006138137,1.2206196731191725,3.2461914824110814,1.6723908470833022
Sweet Falls,2.681735762634477,3.403348785514016,1.336025830124692,4.7,2.6861111704715928
Ranikor,2.544275124640745,4.6,2.581036007011375,4.162125426406187,2.385879489635102
Loktak Lake,1.9004858580452562,4.842514990216175,4.9,4.012478442279124,1.557014085644635
Kangla Fort,4.8,2.6569262773017446,0.8052548575184286,3.9310205264472353,2.9951461425780144
Keibul Lamjao National Park,2.389037417329269,2.919023275050371,1.0986561738808702,3.3772930338256266,1.8767472838900705
Shirui Kashong Peak,1.403083688686388,3.8882215392510835,1.3048480818406738,4.8,4.8
Ima Keithel Women's Market,3.9038927127903493,4.3121564654799025,2.1776641045224063,4.846734310235187,4.7
Shree Govindajee Temple,2.18336319948901,4.978367961494521,4.9,4.083666662166278,1.6757804165185792
Andro,2.0544865287373812,2.77849055223444,1.0186348447574949,3.237884513849317,1.4535494699999285
Khonghampat Orchidarium,2.955715343436257,5.050864102841504,4.7,4.7,3.166389465173439
Khongjom War Memorial,2.0607076837565463,2.934783802718122,1.1061663266815551,3.474908702797494,1.7877564544020745
Zoological Garden,4.8,2.924380359943574,0.749019723966739,4.237129010090474,3.3176679249320404
Singda Dam,1.806107566715269,3.046053293595854,1.3826689625988355,3.2604877767451517,1.6110540229258365
Sanamahi Temple,2.067966223061216,3.036240269577849,1.2939393508849142,3.2712108386276286,1.6142405594821625
Leimapokpam Keirungba Temple,2.8056047785886054,5.306875371416313,4.7,4.480083428261575,4.7
Phubala,2.8778657825666905,4.6,2.0969733055094135,4.6,2.9487064415601427
Sambal-Lei-Sekpil Garden,2.280318680503872,2.8952268350756913,1.0913128429092236,3.3873652814790005,1.7630224322468795
Tharon Cave,2.3770383752765167,4.7,2.521348157883053,4.7,3.038916596741161
Red Hill - Lokpaching,2.245480997977704,3.1515786394703413,1.3626887904565002,3.6556338829077175,2.0566243412819007
Cheirao Ching,2.221746693044904,3.027527577607669,1.2714674795276346,3.4451266004628036,1.9436069202850725
Loukoipat Ecological Park,2.0692117821507923,2.766052195886259,0.9848353860187156,3.2700796356495636,1.5685676212476718
ISKCON Temple,4.6,3.26894135018397,1.6860094135852381,4.09058762173282,3.2687282965527613
Manipur State Museum,1.771407598575288,2.7835397728125337,1.1501147926174946,3.056208216739483,1.4491963396643128
Langthabal,4.8,3.4453272557817938,1.3811439265744663,4.8,3.317274456432152
Kangla Museum,2.4918359511057866,4.769695960521153,4.7,4.059941450649667,2.447520672336712
Koubru Leikha,2.972981240433854,3.3658939129237906,0.9191620689830755,4.6,2.8085658191265725
Ebudhou Thangjing Temple,3.684839466158035,4.8,2.714082494768155,5.253657045612446,4.8
Hijagang,2.529336395377444,5.105321033494426,4.7,4.406003156913096,2.614099840497495
Waithou Lake,4.6,4.6,1.6823728056711706,5.366486293920282,4.6
Keibul Lamjao National Park,2.2876755580841404,4.8,2.521656730919743,4.285605169485351,2.3799042114875677
Moirang,2.0024640205879414,3.0406031517592047,1.2044106693659984,3.4514949738048104,1.682113366969964
Ukhrul,2.3885148028164123,5.065437934593694,4.6,4.218331066625483,2.326186296690854
Kohima,3.908740401591193,4.9,1.8992554331581801,5.254644535032748,4.9
Dimapur,2.008982036435131,2.966433732603175,1.037489667287817,3.3943063499371804,1.5855178265526122
Mokokchung,3.980821802703934,3.223516698998381,0.8325636385566091,4.613345292570276,4.7
Mon,2.194660734326151,4.675694804968128,4.8,4.195729250900117,1.9966863576911884
Wokha,2.341820802087704,4.7,3.152951336303903,4.174995710892561,2.374966362923947
Khonoma Village,2.19942034171325,2.9780944024135696,1.150023413467167,3.4168568298870543,1.9145452872765296
Dzukou Valley,2.1675484234953273,2.7175317201507787,0.8366165279781923,3.382410327920931,1.8696909499675822
Tuophema Tourist Village,4.7,3.2977091182279366,1.2518938479999222,4.2784463388791485,3.7455355740845153
Japfu Peak,1.8745962774029357,2.8711915492583766,0.9381028067849457,3.4876027406749097,1.7064311619054278
Longleng,2.0134686751263104,2.9596247385132184,1.2009868912479715,3.391126107958501,1.695335817255191
Peren,2.8086337272312676,3.579587229529738,1.5925336703659119,4.7,2.773758144545366
Kiphire,2.540974428985168,4.8,1.5568479090137801,4.767281326487274,4.8
Zunheboto,3.7119108919908372,3.9270074572761313,1.6104328094784255,4.686889104450421,4.7
Meluri,3.1628473207162564,5.732690302655207,4.6,5.0152058263147765,4.6
Nagaland State Museum,2.5952619615734775,4.796693644539632,4.8,4.093304322815896,1.842950783218132
Shilloi Lake,4.7,4.670793915461349,4.7,4.7,3.806159442183441
Saramati Peak,3.8362562747078295,5.001873263474389,4.8,4.880333932919919,4.8
Tokhu Emong,2.1962647805502216,3.0583707608035526,1.1922287285567266,3.4163501681707586,1.8063710552331247
Kohima War Cemetery,4.4826372173297315,3.4104916200357254,0.7578845083132925,5.144781331189623,4.8
Chumukedima,2.1384507784405495,2.816702415060805,1.1227375256520833,3.382097773834067,1.8505704137526497
Ruzaphema,2.1380537828607475,2.97028326568283,1.3361045618452738,3.3368538460889665,1.6464982575149734
Benreu,1.9993470218387261,2.9205305401620834,1.0907065665188251,3.3193406187332215,1.8269632283764108
Pfutsero,2.3176591393597596,4.7,2.8376502541954016,4.126721421004895,2.287705283804545
Tseminyu,2.184230472366147,3.024089470045262,1.3358195904725756,3.5079287690214347,1.7961927080593174
Intanki National Park,4.8,3.174244189567447,1.3165759868577942,4.8,3.4979681821862014
Pulie Badze,4.7,4.7,2.2839731959583527,4.7,3.382968216744075
Veda Peak,2.1193580666096676,2.9570905371613585,1.124864179392148,3.3795841409673466,1.6565268235311248
Langpangkong Caves,4.8,3.3039944207628813,1.3623795232007312,4.1218734863734054,3.3272654969424442
Kachari Ruins,2.3063969108738105,4.7,3.0075261842541874,4.2558987536977515,2.2462643034045873
Fakim Wildlife Sanctuary,2.218654155839003,2.9722972240966787,1.1199961695541272,3.3648253570509246,1.8409230066098654
Tawang Monastery,2.2509151065770325,4.9,2.95814340473773,4.458882182727191,2.3673833020825468
Sela Pass,3.497601962537179,4.8,2.8862697154354287,5.068549549298143,4.8
Ziro Valley,2.0922204330454117,2.978518844139024,1.3086536833233906,3.4079927775249685,1.6253131261181077
Namdapha National Park,3.534449619731788,3.9669252238630808,1.6520603133416336,4.80481809722889,4.8
Bomdila Monastery,1.6554375834546533,4.816912608295691,4.7,4.128329065378114,1.4019068922624305
Dirang,2.0538144664387192,3.0452708129910424,1.326536503609033,3.406453438264446,1.666515323350938
Itanagar,2.7990547375892367,3.526508585929601,1.4520788513452356,4.8,3.076648159327871
Roing,2.7672995681420147,4.7,2.599571893051234,4.57612676332334,2.8014395711993627
Pasighat,4.6,4.6,3.0789457139846883,4.915570662640205,3.5767716423171563
Along,2.4137906047593245,2.7212433121452677,1.0673462222141452,3.316916438332739,1.4975976721029434
Mechuka,2.212300506213951,4.669614104258189,4.7,4.061528713551017,1.7622510406541192
Bhalukpong,4.8,3.1804873690379236,1.5253064941019099,4.02296505546559,3.1226738181592015
Changlang,2.26479755129753,4.7,3.0930520935758663,4.1746963214397095,2.156777077384488
Anini,2.4615444365215358,3.4425078818819146,1.1763804188321396,4.6,2.6355371727387693
Tawang War Memorial,4.8,2.8699128670978182,1.0961787413916895,4.074592938156152,3.458869378894925
Gorichen Peak,2.39006293820003,4.860125452226272,4.7,4.037171012293333,1.9516601742994386
Madhuri Lake,2.7644788919630363,4.8,4.8,4.308145012691812,2.3183724363189944
Pakhui Wildlife Sanctuary,4.7,3.1863150104113,1.5629327619893494,3.9818810034121386,3.2786828226108637
Sangti Valley,2.138360127206074,2.8696280568434673,0.9452844397932535,3.4533759352668785,1.6580276337711917
Malinithan,1.9467431302339624,2.8939598977054404,1.0950399769638717,3.2459730856774933,1.6547613083866168
Ganga Lake,2.1317756538279222,2.846349971177599,0.8915085551094137,3.429499588341834,1.8479140999914982
Nuranang Falls,2.063608799811876,2.904602151889943,1.1247818961032883,3.379091909771162,1.8152032175145763
Daying Ering Wildlife Sanctuary,2.3122445734354677,2.955941651735017,1.0630020822465616,3.561918025349265,1.9235121287739771
Jawai,2.096482315771205,3.0297039126556204,1.2863847036356788,3.3927582141963994,1.7314942985323252
Parshuram Kund,2.1013957931016534,3.038527289705076,1.250565892183237,3.5406301163467613,1.7131108047008967
Hapoli,1.7838651649088488,2.8728593979634325,0.983226659902518,3.2539629388155267,1.429753080642295
Talle Valley,1.5203484135439815,4.6,1.1874188236728602,4.6,2.0773809137010475
Sessa Orchid Sanctuary,2.037091375553208,3.0689141192909632,1.2693124718948892,3.3911276832641346,1.8092551321621269
Daporijo,4.017552937443855,3.6191706031725994,1.5983704333650994,4.613172750934178,4.7
Hayuliang,2.559847069367339,4.6,2.895414866970956,4.259011603694216,2.5613508901307425
Shimla,2.148587051352034,3.093561490817035,1.4494242455457655,3.48304147228009,1.76894787665394
Manali,2.1482908487020222,3.0232838534357183,1.3523059151919865,3.364474466293518,1.6655288816064673
Dharamshala,3.86255239386445,4.7,2.6723515331674292,5.066262657802412,4.7
Dalhousie,2.5082987894082978,4.8,2.8012062044699118,4.321310091331153,2.845450218069173
Kasauli,3.4357312176788772,4.2923750173553685,2.033258235254578,4.617026289803745,4.7
Spiti Valley,2.5190924589271213,4.9,2.623708544123053,4.400715071351536,2.656155646890111
Kullu,1.9872205500148783,4.619159760893054,4.8,3.736264299833029,1.6760707939394075
McLeod Ganj,2.096859967029306,2.8535159454204817,1.3397117476058382,3.248577941410371,1.4723345406329345
Chamba,2.6060392849398646,3.3349424400071905,0.9857872183131431,4.6,2.5378458792653964
Kufri,3.0941413040216825,3.2932244156301227,0.8893531588128856,4.8,3.0093696425456518
Kasol,2.0822305182579437,3.0600580550517535,1.324816067262062,3.3745351284718117,1.688042088514131
Palampur,4.8,2.9616245723563637,1.0841795874538425,3.9631405823597357,3.3306623946761014
Kinnaur,4.7,5.085403351787415,4.7,5.02068356687402,3.713452836018596
Solang Valley,4.6,4.730221177067342,4.6,4.416355479627883,3.0518966359038577
Narkanda,2.374222221922816,2.884565671000345,1.0940466488380307,3.1977104218456636,1.8436982167164222
Mashobra,2.264817532126045,3.0326599154512786,1.030062383219554,3.4158904711085065,1.8184365701925764
Tirthan Valley,2.1529607137759834,4.8,2.9292651008586352,4.3173649517760415,2.4952743233615644
Barot,2.35158017743626,4.7,2.9586440987559683,4.288358313347662,2.3326090048989845
Jogini Waterfall,2.2047435620874327,3.0189914545923315,1.2538243004100433,3.393340588489005,1.7981232279061212
Kalpa,1.7285877343734422,3.1599157417224437,1.3771765678115757,3.330838660661437,1.8536888324226453
Hampta Pass,2.1715108686666142,2.6226625515127697,0.7795013467919556,2.9426508673986773,1.5953294147827444
Rohtang Pass,2.0077883711321944,2.92534519358873,1.0691994872774562,3.360506420100941,1.6376888670899876
Triund,3.58741012726812,3.133138889262579,0.7947393111483799,4.2522464446952855,4.7
Chitkul,2.0541693853471954,2.97965024474659,1.1347086476111836,3.4211255018422144,1.6507270549102369
Parashar Lake,2.041736876168642,2.969740877959972,1.0707486864140277,3.3933643131458995,1.8113155787581539
Bir Billing,3.2578143052140294,4.7,2.5425923929756373,5.023576864099214,4.7
Malana,2.219817284415002,3.0386913806810125,1.3348418064271104,3.4399108693307743,1.8431759604293452
Khajjiar,2.1860012623348397,2.8419672025472593,0.8226994880781666,3.3372439305447847,1.7762543687910728
Chandratal Lake,2.2822646264749906,4.7,2.960756823065246,4.318609159212449,2.1683669367616973
Great Himalayan National Park,1.9352067060364047,3.0837255483696917,1.4836539391726684,3.3815879028276288,1.4759995864514153
India Gate,2.8727209223788943,3.759287004139358,1.6792640837439672,4.9,3.23353534927924
Red Fort,2.1382186304503428,2.9743408935073625,1.1445123475375167,3.413269155899379,1.7767756670854702
Qutub Minar,3.607521361294415,4.362680300921595,2.1585769023112356,4.762687680456438,4.7
Humayun's Tomb,4.8,4.8,2.7526067852766327,5.195887529467168,4.8
Lotus Temple,4.7,3.568579746512647,1.3064705079305856,4.531746481938378,4.7
Akshardham Temple,4.9,2.7498125244909026,0.9399117212201266,3.8397627489196506,2.9487467662503
Jama Masjid,1.8809767683505145,2.8617340329947005,1.0765922144898945,3.384518170612388,1.532364471336035
Rashtrapati Bhavan,4.7,4.543103426459148,4.7,4.644473533606489,4.112322063986246
Chandni Chowk,2.3324584548703062,3.0076234144622123,1.3274070169862737,3.533711659718091,1.9677001863077301
Lodhi Gardens,2.9838746551259625,5.9380874174899905,4.8,5.059335981489134,4.8
Jantar Mantar,1.8879419417413437,4.939690600980633,4.7,4.3576359594368315,1.970375546518408
Raj Ghat,2.0064840320855617,2.981744365115678,1.1475555288443382,3.3753872696185137,1.7332246772853583
Purana Qila,1.9764540392287004,2.5990330360204026,0.8112029583237814,3.221992681095767,1.362269888504867
Hauz Khas Village,4.6,2.8567934976497242,-0.05751128580985054,4.6,3.8168533651193366
National Museum,2.4657556902387303,4.783628292649919,4.8,4.244753505806121,2.0822657165648137
Sarojini Nagar Market,3.484080256499004,5.7594698011365075,4.7,5.502674535972242,4.7
Dilli Haat,3.3652035122139035,3.459701095563581,0.9450821578267075,4.3905994125981636,4.8
Connaught Place,1.687710483385541,4.7,4.7,3.9844313295727156,1.6382235815198278
Gurudwara Bangla Sahib,2.386277867325964,4.873883547423595,4.8,4.2404681657534695,2.0507071645932573
Safdarjung Tomb,2.0031429872460196,3.0586725119765976,1.171879885799688,3.325692335693834,1.5694171896532914
National Gallery of Modern Art,2.164771703979261,2.982546465009078,1.2836025440780587,3.4147889337510735,1.7666945461190542
Nehru Planetarium,2.293840599759554,2.8796860192015368,0.97830869865176,3.3156693436740494,1.8304044732847642
Agrasen ki Baoli,2.7090708567801522,3.6107160585284994,1.5427459760037345,4.7,2.672772527019294
Khan Market,1.8792224617192852,2.6712449362268043,0.8098764124796293,3.1086409827434904,1.2113781293840202
National Zoological Park,2.3337937481988886,4.8,3.238656691232542,4.340993132566474,2.5084091099417365
Tughlaqabad Fort,2.00939797131127,4.928497492420329,4.7,3.9967661137706614,1.837033628569997
Mehrauli Archaeological Park,3.8861687729544245,4.240642714331221,2.10404481002095,5.0186627427556605,4.6
Garden of Five Senses,1.903116962879722,2.958382937526693,1.18849308840002,3.3666541442080944,1.6376364535562333
Teen Murti Bhavan,4.7,2.9559273411053346,1.3056904096446216,3.7993833145606253,3.2247990188764577
Pragati Maidan,1.908021272063612,2.9656556809310146,1.1668220591805245,3.330098233039049,1.6488814822810283
Tsomgo Lake,2.5059414114526395,4.777062936705584,4.9,4.17738522344512,2.292659520933265
Nathula Pass,2.110604867714427,4.585209877209062,4.8,3.8818729914367887,1.7851511803472624
Yumthang Valley,2.207596145372668,2.931146278340908,1.2221685511119964,3.3817106574663587,1.6733798261499673
Gurudongmar Lake,3.970862775349818,4.8,2.7496744191379303,5.155908369071471,4.8
Pelling,1.8251961266567123,4.7,4.7,4.006078284958654,1.7665386208618108
Rumtek Monastery,2.8890711183631934,4.9,1.9471535962891529,4.967385715527599,4.9
Lachen,2.1986941174425976,3.109570697987663,1.427297679281942,3.4326454454176276,1.7507370780152942
Ravangla,2.6974527234572956,4.93090562253424,4.7,4.7,2.1577049479013963
Gangtok,2.014666317510662,3.1138268790764623,1.2137537800675744,3.624547259790777,1.8548510680332972
Zuluk,2.2035351740761437,2.9437305979100623,1.1731005303120279,3.3652185307804063,1.7767603150878948
Namchi,4.7,3.1938324492412784,1.207284404545041,4.192741013546424,3.460455849049952
Khangchendzonga National Park,2.1440534501375956,2.9745376768683975,1.0996457766681462,3.4414292533096984,1.7011271816636813
Lachung,2.0104729970365107,3.0096740900948697,1.3081408647496142,3.318376239593947,1.7125509295716819
Tashi View Point,2.185330543471323,2.9190834429955848,1.0104353793310252,3.503453642846602,1.9432002383886453
Phodong Monastery,2.156686649257032,2.879139812541659,1.1587846117561773,3.293115829681441,1.7423962823666557
Khecheopalri Lake,1.910454843366782,3.0329833817813356,1.2966571777740055,3.354675495058216,1.760249704902459
Enchey Monastery,2.2448603589084977,2.9607432319797726,0.9783726657850547,3.551269340173861,1.9285685150608507
Pemayangtse Monastery,2.3078126296175414,3.1135898552703125,1.3341287467087937,3.5524466325890796,1.8916364996046906
Singalila National Park,1.9977529802728404,3.018818516804869,1.21905901216985,3.367995532040911,1.6943485386192791
Do Drul Chorten,2.6782082299111996,4.7,4.7,3.8965280660267023,2.082627781349443
Hanuman Tok,2.019696708709433,2.9082791646004074,1.076236009428961,3.3407985288429742,1.6305623827918307
Kabi Lungchok,4.8,2.9417945586490477,0.8452875438525776,4.004793915684786,3.3661452416100506
Samdruptse Hill,4.7,3.223110873204799,1.3305121510809976,4.445086020166617,3.240354977913518
Siddheswar Dham,1.7313282299879655,4.640301215255186,4.6,3.7349954788022828,1.311925305594085
Ranka Monastery,1.9920772699892717,3.0492784997689992,1.0914251046450363,3.5644778514024678,2.2879739381862505
Goecha La,2.717374859731866,3.6486928615572944,1.80850416506759,4.7,2.7625081950539476
Baba Harbhajan Singh Temple,2.563338071033078,3.262183146120679,0.6906663300207161,4.6,2.7562724853336986
Saramsa Garden,3.2337335671281817,4.8,2.8272429138038415,5.045918048264984,4.8
Dubdi Monastery,2.1990052903185244,2.886417564678895,1.0189936628299487,3.342935983785207,1.7635324750780321
Norbugang Park,1.9096098046398782,2.9741130913436944,1.0242447412467568,3.334329057048089,1.7384466388707174
Radhanagar Beach,2.393989719374404,3.129554363563998,1.1523975662169623,3.6333542662604312,1.9898814178141615
Havelock Island,2.2616535580372923,2.836528350181822,1.1975519506606045,3.368990757746949,1.7939441327511632
Cellular Jail,2.6462834799642794,3.778694458878433,1.6384933534125894,4.7,2.6450520330471963
Ross Island,3.0377829094470243,4.8,2.9938588662962675,4.8,3.09707059872954
Neil Island,4.7,2.947530740535427,0.9766872428075568,4.133493766896274,3.1268738750058542
Viper Island,4.6,4.6,3.222979637166741,5.145788753173129,3.844197888585761
North Bay Island,2.4205913269410977,3.570637935009488,1.404223610474598,4.8,2.6757495358874523
Chidiya Tapu,4.7,3.053421432594767,1.302090332280974,4.121905744515722,3.4269304800435316
Baratang Island,2.5018627970416376,2.740876374141577,0.5489854747162485,3.509946849874343,1.8582640508855222
Jolly Buoy Island,2.2475599243289093,4.7,3.0862533073578797,4.23632294872221,2.1875724852833236
Mahatma Gandhi Marine National Park,2.6585043024701216,4.746345742939012,4.8,3.9644206328597558,2.0686760550442718
Mount Harriet National Park,2.1872095631075577,2.9491763870718386,1.1434222345899614,3.42196700165281,1.76824354180803
Cinque Island,3.4691789675696008,3.664854954288714,1.2373296156743072,4.71678792777405,4.8
Limestone Caves,2.6035450802805027,4.883422407446224,4.7,4.1880626606050395,2.0928528849797003
Anthropological Museum,1.8624207203125271,2.8350328661251942,1.0295664821545558,3.3334673631916685,1.7557224331097685
Forest Museum,4.8,4.966346843920988,4.8,5.579575186426601,5.294337195070668
Samudrika Naval Marine Museum,2.8772112134187453,4.7,3.0118848758340846,4.361511994059313,2.888594990208325
Corbyn's Cove Beach,1.8626887332886215,3.059536038517256,1.4338216231645045,3.390318664401556,1.5746667029261099
Kala Pathar Beach,2.1608182563949403,3.1699908685020746,1.4158588066263937,3.5524322019370818,1.959853728511037
Little Andaman Island,4.7,2.8783432943586593,1.0532611726331111,4.0246695347649,3.262450669342139
Barren Island,4.8,5.6024159243029885,4.8,5.662439634340355,4.8
Lalaji Bay Beach,2.248198942453121,4.7,4.7,3.926617537294736,2.2559151459718483
                    Mud Volcanoes,2.4320374394439352,3.6063837725824173,1.8786200866152172,4.6,3.1360211999241887
Parrot Island,4.8,4.011937157700086,1.5494573911477927,4.8,3.6587770959603176
Gandhi Park,2.213804700161901,2.8956816989985135,1.2899543808274938,3.426059624765921,1.7615263284342229
Bamboo Flat,1.940065670625697,2.7208743174390406,0.956156064509337,3.470893068230759,1.6994116566477948
Phoenix Bay Jetty,1.9630042671469183,2.8187389462815307,1.0524788403525926,3.4251069287295546,1.4524957232894284
Bamdera Beach,2.27549120548898,4.7,2.7171178349555314,4.086032050660729,2.140112833777126
Sippighat Farm,1.8157962320602223,2.749721897871597,0.9216144935874988,3.1771424567871516,1.268535445371725
Jogger's Park,2.45173533150095,3.684082297499853,1.5085750425362556,4.7,2.615345901626058
Agatti Island,3.144621427894028,3.261842257802714,1.1811062334083822,4.7045554022676175,4.9
Bangaram Island,2.1121716150448546,3.0238735190793755,1.4233129666652438,3.487166424428643,1.5992646064082905
Kadmat Island,2.479622054617954,4.7,2.0671262070782292,4.7,3.243629922800571
Minicoy Island,2.227431055011243,3.6749492784344557,2.0237659258955567,4.8,2.959478451341136
Kavaratti Island,2.309640437678543,3.6185037650265723,1.869644214683349,4.7,3.05405277093973
Kalpeni Island,2.0807477206438194,2.830792127355191,1.1652460231762378,3.4443127931726307,1.6267772298035084
Amindivi Islands,2.437744254713164,3.5926134162960404,1.575006505296097,4.8,3.0619051915779254
Andrott Island,1.8666510544869754,2.944975815788165,1.261277900648168,3.456324626513565,1.5059498079277454
Bitra Island,1.9212816406880275,2.99754352987705,1.292123861689751,3.4328712238018753,1.5489421937107115
Chetlat Island,2.6108877065963663,3.1163824903957194,0.7781447043661992,4.842100197892475,4.7
Pitti Bird Sanctuary,1.9615462543094306,2.887087326095134,1.1503710456085061,3.357351621083323,1.4451016627586462
Suheli Par,4.7,3.808597006397557,2.0733504096849122,3.9232827410224913,2.7608280407095673
Kalpeni Beach,2.4618151308965053,3.874463960939422,1.560585747917739,4.6,3.0168658342162074
Thinnakara Island,4.8,4.154936814102749,1.762303401439664,4.8,3.940343462925597
Parali I,2.1041661117711596,2.9690174903080284,1.2729160488976783,3.3561337594156955,1.5487082097374871
Parali II,2.880956762769333,3.824421056401244,2.3252831670742786,4.738578038693234,4.6
Parali III,4.8,4.005333123155941,1.8968769322835208,4.599080881950748,4.8
Bandra Island,2.980616496245401,5.041136841468443,4.7,4.617524695786679,4.7
Cheriyam Island,2.5534714577725737,4.6,2.6259577341330975,3.994066447429291,2.333850175455531
Pitli Island,1.9104159608917164,2.953092380069191,0.8134133186666062,3.234810837766496,1.3051928526338767
Urali Island,2.212622862327175,3.0533338474428904,1.1468107763785427,3.5206929337874184,1.9521327797166297
Amini Island,2.0114581728147893,3.0617341280380677,1.179449540248506,3.6106844591794163,1.9064858234072035
Agatti Beach,2.7146520456225973,4.9,2.3982065785726077,4.359755710835286,2.538897927414061
Bangaram Beach,2.0490046869269056,2.9043476028231363,1.3430594279121848,3.5128038475474943,1.7757078863009164
Kadmat Beach,2.133430126421044,3.0494585478850755,1.3187214792430066,3.5246335404409783,1.8044795695089286
Minicoy Beach,4.8,5.507129816273341,4.8,4.473284117808371,4.506997351531051
Kavaratti Beach,3.314147951119476,4.7,2.6969227181443056,4.827871940680545,4.7
Kalpeni Beach,2.736694223901965,4.6,2.5752699709782547,4.207156132307706,2.5100021741134144
Amindivi Beach,3.605221914726944,4.416887007445673,2.2572092318348447,4.802157205101162,4.8
Andrott Beach,3.035828042022378,3.8441586182671355,1.8304121436672014,4.816345138060545,4.7
